{
  "v": "5.1.1",
  "fr": 74,
  "ip": 0,
  "op": 193,
  "w": 141,
  "h": 112,
  "nm": "Comp 1",
  "ddd": 0,
  "assets": [],
  "fonts": {
	"list": [
	  {
		"fName": "Lato-Bold",
		"fFamily": "Lato",
		"fStyle": "Bold",
		"ascent": 74.2996215820313
	  }
	]
  },
  "layers": [
	{
	  "ddd": 0,
	  "ind": 1,
	  "ty": 4,
	  "nm": "Layer 2/error2 Outlines",
	  "sr": 1,
	  "ks": {
		"o": {
		  "a": 0,
		  "k": 100,
		  "ix": 11
		},
		"r": {
		  "a": 0,
		  "k": 0,
		  "ix": 10
		},
		"p": {
		  "a": 0,
		  "k": [
			81.75,
			74,
			0
		  ],
		  "ix": 2
		},
		"a": {
		  "a": 0,
		  "k": [
			2.5,
			40,
			0
		  ],
		  "ix": 1
		},
		"s": {
		  "a": 0,
		  "k": [
			38.062,
			46.611,
			100
		  ],
		  "ix": 6
		}
	  },
	  "ao": 0,
	  "shapes": [
		{
		  "ty": "gr",
		  "it": [
			{
			  "ind": 0,
			  "ty": "sh",
			  "ix": 1,
			  "ks": {
				"a": 0,
				"k": {
				  "i": [
					[
					  0,
					  0
					],
					[
					  0,
					  0
					],
					[
					  0,
					  0
					],
					[
					  -1.145,
					  0
					],
					[
					  0,
					  -1.144
					]
				  ],
				  "o": [
					[
					  0,
					  0
					],
					[
					  0,
					  0
					],
					[
					  0,
					  -1.144
					],
					[
					  1.145,
					  0
					],
					[
					  0,
					  0
					]
				  ],
				  "v": [
					[
					  2.073,
					  39.624
					],
					[
					  -2.073,
					  39.624
					],
					[
					  -2.073,
					  -37.553
					],
					[
					  0,
					  -39.624
					],
					[
					  2.073,
					  -37.553
					]
				  ],
				  "c": true
				},
				"ix": 2
			  },
			  "nm": "Path 1",
			  "mn": "ADBE Vector Shape - Group",
			  "hd": false
			},
			{
			  "ty": "fl",
			  "c": {
				"a": 0,
				"k": [
				  0,
				  0.478,
				  0.533,
				  1
				],
				"ix": 4
			  },
			  "o": {
				"a": 0,
				"k": 100,
				"ix": 5
			  },
			  "r": 1,
			  "nm": "Fill 1",
			  "mn": "ADBE Vector Graphic - Fill",
			  "hd": false
			},
			{
			  "ty": "tr",
			  "p": {
				"a": 0,
				"k": [
				  2.323,
				  39.875
				],
				"ix": 2
			  },
			  "a": {
				"a": 0,
				"k": [
				  0,
				  0
				],
				"ix": 1
			  },
			  "s": {
				"a": 0,
				"k": [
				  100,
				  100
				],
				"ix": 3
			  },
			  "r": {
				"a": 0,
				"k": 0,
				"ix": 6
			  },
			  "o": {
				"a": 0,
				"k": 100,
				"ix": 7
			  },
			  "sk": {
				"a": 0,
				"k": 0,
				"ix": 4
			  },
			  "sa": {
				"a": 0,
				"k": 0,
				"ix": 5
			  },
			  "nm": "Transform"
			}
		  ],
		  "nm": "Group 1",
		  "np": 2,
		  "cix": 2,
		  "ix": 1,
		  "mn": "ADBE Vector Group",
		  "hd": false
		}
	  ],
	  "ip": 0,
	  "op": 194,
	  "st": 0,
	  "bm": 0
	},
	{
	  "ddd": 0,
	  "ind": 2,
	  "ty": 5,
	  "nm": "Network Error",
	  "sr": 1,
	  "ks": {
		"o": {
		  "a": 0,
		  "k": 100,
		  "ix": 11
		},
		"r": {
		  "a": 0,
		  "k": 0,
		  "ix": 10
		},
		"p": {
		  "a": 0,
		  "k": [
			76.25,
			42,
			0
		  ],
		  "ix": 2
		},
		"a": {
		  "a": 0,
		  "k": [
			46.5,
			-4,
			0
		  ],
		  "ix": 1
		},
		"s": {
		  "a": 1,
		  "k": [
			{
			  "i": {
				"x": [
				  0.667,
				  0.667,
				  0.667
				],
				"y": [
				  1,
				  1,
				  1
				]
			  },
			  "o": {
				"x": [
				  0.333,
				  0.333,
				  0.333
				],
				"y": [
				  0,
				  0,
				  0
				]
			  },
			  "n": [
				"0p667_1_0p333_0",
				"0p667_1_0p333_0",
				"0p667_1_0p333_0"
			  ],
			  "t": 147,
			  "s": [
				0,
				0,
				100
			  ],
			  "e": [
				105,
				105,
				100
			  ]
			},
			{
			  "i": {
				"x": [
				  0.667,
				  0.667,
				  0.667
				],
				"y": [
				  1,
				  1,
				  1
				]
			  },
			  "o": {
				"x": [
				  0.333,
				  0.333,
				  0.333
				],
				"y": [
				  0,
				  0,
				  0
				]
			  },
			  "n": [
				"0p667_1_0p333_0",
				"0p667_1_0p333_0",
				"0p667_1_0p333_0"
			  ],
			  "t": 152,
			  "s": [
				105,
				105,
				100
			  ],
			  "e": [
				100,
				100,
				100
			  ]
			},
			{
			  "i": {
				"x": [
				  0.667,
				  0.667,
				  0.667
				],
				"y": [
				  1,
				  1,
				  1
				]
			  },
			  "o": {
				"x": [
				  0.333,
				  0.333,
				  0.333
				],
				"y": [
				  0,
				  0,
				  0
				]
			  },
			  "n": [
				"0p667_1_0p333_0",
				"0p667_1_0p333_0",
				"0p667_1_0p333_0"
			  ],
			  "t": 155,
			  "s": [
				100,
				100,
				100
			  ],
			  "e": [
				105,
				105,
				100
			  ]
			},
			{
			  "t": 157
			}
		  ],
		  "ix": 6
		}
	  },
	  "ao": 0,
	  "t": {
		"d": {
		  "k": [
			{
			  "s": {
				"s": 13,
				"f": "Lato-Bold",
				"t": "Network Error",
				"j": 0,
				"tr": 0,
				"lh": 15.6,
				"ls": 0,
				"fc": [
				  0.96,
				  0.12,
				  0.12
				]
			  },
			  "t": 0
			}
		  ]
		},
		"p": {},
		"m": {
		  "g": 1,
		  "a": {
			"a": 0,
			"k": [
			  0,
			  0
			],
			"ix": 2
		  }
		},
		"a": []
	  },
	  "ip": 147,
	  "op": 194,
	  "st": 147,
	  "bm": 0
	},
	{
	  "ddd": 0,
	  "ind": 3,
	  "ty": 4,
	  "nm": "Layer 1/error2 Outlines",
	  "sr": 1,
	  "ks": {
		"o": {
		  "a": 0,
		  "k": 100,
		  "ix": 11
		},
		"r": {
		  "a": 1,
		  "k": [
			{
			  "i": {
				"x": [
				  0.667
				],
				"y": [
				  1
				]
			  },
			  "o": {
				"x": [
				  0.333
				],
				"y": [
				  0
				]
			  },
			  "n": [
				"0p667_1_0p333_0"
			  ],
			  "t": 81,
			  "s": [
				0
			  ],
			  "e": [
				-26
			  ]
			},
			{
			  "i": {
				"x": [
				  0.667
				],
				"y": [
				  1
				]
			  },
			  "o": {
				"x": [
				  0.333
				],
				"y": [
				  0
				]
			  },
			  "n": [
				"0p667_1_0p333_0"
			  ],
			  "t": 94,
			  "s": [
				-26
			  ],
			  "e": [
				26
			  ]
			},
			{
			  "i": {
				"x": [
				  0.833
				],
				"y": [
				  1
				]
			  },
			  "o": {
				"x": [
				  0.333
				],
				"y": [
				  0
				]
			  },
			  "n": [
				"0p833_1_0p333_0"
			  ],
			  "t": 106,
			  "s": [
				26
			  ],
			  "e": [
				319
			  ]
			},
			{
			  "i": {
				"x": [
				  0.833
				],
				"y": [
				  1
				]
			  },
			  "o": {
				"x": [
				  0.167
				],
				"y": [
				  0
				]
			  },
			  "n": [
				"0p833_1_0p167_0"
			  ],
			  "t": 124,
			  "s": [
				319
			  ],
			  "e": [
				414
			  ]
			},
			{
			  "t": 147
			}
		  ],
		  "ix": 10
		},
		"p": {
		  "a": 1,
		  "k": [
			{
			  "i": {
				"x": 0.667,
				"y": 1
			  },
			  "o": {
				"x": 0.333,
				"y": 0
			  },
			  "n": "0p667_1_0p333_0",
			  "t": 107,
			  "s": [
				82.25,
				47,
				0
			  ],
			  "e": [
				96,
				78.5,
				0
			  ],
			  "to": [
				2.29166674613953,
				5.25,
				0
			  ],
			  "ti": [
				-4.375,
				-4.41666650772095,
				0
			  ]
			},
			{
			  "i": {
				"x": 0.667,
				"y": 1
			  },
			  "o": {
				"x": 0.333,
				"y": 0
			  },
			  "n": "0p667_1_0p333_0",
			  "t": 124,
			  "s": [
				96,
				78.5,
				0
			  ],
			  "e": [
				108.5,
				73.5,
				0
			  ],
			  "to": [
				4.375,
				4.41666650772095,
				0
			  ],
			  "ti": [
				-3.625,
				-1.41666662693024,
				0
			  ]
			},
			{
			  "i": {
				"x": 0.667,
				"y": 1
			  },
			  "o": {
				"x": 0.333,
				"y": 0
			  },
			  "n": "0p667_1_0p333_0",
			  "t": 137,
			  "s": [
				108.5,
				73.5,
				0
			  ],
			  "e": [
				117.75,
				87,
				0
			  ],
			  "to": [
				3.625,
				1.41666662693024,
				0
			  ],
			  "ti": [
				-1.54166662693024,
				-2.25,
				0
			  ]
			},
			{
			  "t": 147
			}
		  ],
		  "ix": 2
		},
		"a": {
		  "a": 0,
		  "k": [
			29,
			25.5,
			0
		  ],
		  "ix": 1
		},
		"s": {
		  "a": 0,
		  "k": [
			35.293,
			35.293,
			100
		  ],
		  "ix": 6
		}
	  },
	  "ao": 0,
	  "shapes": [
		{
		  "ty": "gr",
		  "it": [
			{
			  "ind": 0,
			  "ty": "sh",
			  "ix": 1,
			  "ks": {
				"a": 0,
				"k": {
				  "i": [
					[
					  0,
					  0
					],
					[
					  0,
					  0
					],
					[
					  0,
					  0
					],
					[
					  0,
					  0
					]
				  ],
				  "o": [
					[
					  0,
					  0
					],
					[
					  0,
					  0
					],
					[
					  0,
					  0
					],
					[
					  0,
					  0
					]
				  ],
				  "v": [
					[
					  1.037,
					  -8.539
					],
					[
					  0.54,
					  8.538
					],
					[
					  -0.541,
					  8.538
					],
					[
					  -1.038,
					  -8.539
					]
				  ],
				  "c": true
				},
				"ix": 2
			  },
			  "nm": "Path 1",
			  "mn": "ADBE Vector Shape - Group",
			  "hd": false
			},
			{
			  "ind": 1,
			  "ty": "sh",
			  "ix": 2,
			  "ks": {
				"a": 0,
				"k": {
				  "i": [
					[
					  0.23,
					  -0.237
					],
					[
					  -0.009,
					  -0.329
					],
					[
					  0,
					  0
					],
					[
					  -0.669,
					  0
					],
					[
					  0,
					  0
					],
					[
					  -0.02,
					  0.669
					],
					[
					  0,
					  0
					],
					[
					  0.23,
					  0.236
					],
					[
					  0.33,
					  0
					],
					[
					  0,
					  0
					]
				  ],
				  "o": [
					[
					  -0.23,
					  0.236
					],
					[
					  0,
					  0
					],
					[
					  0.02,
					  0.668
					],
					[
					  0,
					  0
					],
					[
					  0.669,
					  0
					],
					[
					  0,
					  0
					],
					[
					  0.01,
					  -0.329
					],
					[
					  -0.23,
					  -0.237
					],
					[
					  0,
					  0
					],
					[
					  -0.33,
					  0
					]
				  ],
				  "v": [
					[
					  -2.317,
					  -9.781
					],
					[
					  -2.664,
					  -8.892
					],
					[
					  -2.145,
					  8.962
					],
					[
					  -0.917,
					  10.154
					],
					[
					  0.916,
					  10.154
					],
					[
					  2.144,
					  8.962
					],
					[
					  2.663,
					  -8.892
					],
					[
					  2.316,
					  -9.781
					],
					[
					  1.436,
					  -10.154
					],
					[
					  -1.436,
					  -10.154
					]
				  ],
				  "c": true
				},
				"ix": 2
			  },
			  "nm": "Path 2",
			  "mn": "ADBE Vector Shape - Group",
			  "hd": false
			},
			{
			  "ty": "mm",
			  "mm": 1,
			  "nm": "Merge Paths 1",
			  "mn": "ADBE Vector Filter - Merge",
			  "hd": false
			},
			{
			  "ty": "fl",
			  "c": {
				"a": 0,
				"k": [
				  1,
				  1,
				  1,
				  1
				],
				"ix": 4
			  },
			  "o": {
				"a": 0,
				"k": 100,
				"ix": 5
			  },
			  "r": 1,
			  "nm": "Fill 1",
			  "mn": "ADBE Vector Graphic - Fill",
			  "hd": false
			},
			{
			  "ty": "tr",
			  "p": {
				"a": 0,
				"k": [
				  28.703,
				  26.116
				],
				"ix": 2
			  },
			  "a": {
				"a": 0,
				"k": [
				  0,
				  0
				],
				"ix": 1
			  },
			  "s": {
				"a": 0,
				"k": [
				  100,
				  100
				],
				"ix": 3
			  },
			  "r": {
				"a": 0,
				"k": 0,
				"ix": 6
			  },
			  "o": {
				"a": 0,
				"k": 100,
				"ix": 7
			  },
			  "sk": {
				"a": 0,
				"k": 0,
				"ix": 4
			  },
			  "sa": {
				"a": 0,
				"k": 0,
				"ix": 5
			  },
			  "nm": "Transform"
			}
		  ],
		  "nm": "Group 1",
		  "np": 4,
		  "cix": 2,
		  "ix": 1,
		  "mn": "ADBE Vector Group",
		  "hd": false
		},
		{
		  "ty": "gr",
		  "it": [
			{
			  "ind": 0,
			  "ty": "sh",
			  "ix": 1,
			  "ks": {
				"a": 0,
				"k": {
				  "i": [
					[
					  1.1,
					  0
					],
					[
					  0,
					  0
					],
					[
					  0,
					  0.946
					],
					[
					  -0.877,
					  0
					],
					[
					  0,
					  -0.992
					]
				  ],
				  "o": [
					[
					  0,
					  0
					],
					[
					  -0.854,
					  0
					],
					[
					  0,
					  -0.947
					],
					[
					  0.919,
					  0
					],
					[
					  0,
					  0.741
					]
				  ],
				  "v": [
					[
					  0,
					  1.607
					],
					[
					  -0.04,
					  1.607
					],
					[
					  -1.49,
					  0.001
					],
					[
					  0,
					  -1.607
					],
					[
					  1.49,
					  0.001
					]
				  ],
				  "c": true
				},
				"ix": 2
			  },
			  "nm": "Path 1",
			  "mn": "ADBE Vector Shape - Group",
			  "hd": false
			},
			{
			  "ind": 1,
			  "ty": "sh",
			  "ix": 2,
			  "ks": {
				"a": 0,
				"k": {
				  "i": [
					[
					  1.828,
					  0
					],
					[
					  0,
					  -1.837
					],
					[
					  -1.748,
					  0
					],
					[
					  0,
					  0
					],
					[
					  0,
					  1.867
					]
				  ],
				  "o": [
					[
					  -1.771,
					  0
					],
					[
					  0,
					  1.836
					],
					[
					  0,
					  0
					],
					[
					  1.799,
					  0
					],
					[
					  0,
					  -1.898
					]
				  ],
				  "v": [
					[
					  0,
					  -3.222
					],
					[
					  -3.105,
					  0.001
					],
					[
					  -0.04,
					  3.222
					],
					[
					  0,
					  3.222
					],
					[
					  3.105,
					  0.001
					]
				  ],
				  "c": true
				},
				"ix": 2
			  },
			  "nm": "Path 2",
			  "mn": "ADBE Vector Shape - Group",
			  "hd": false
			},
			{
			  "ty": "mm",
			  "mm": 1,
			  "nm": "Merge Paths 1",
			  "mn": "ADBE Vector Filter - Merge",
			  "hd": false
			},
			{
			  "ty": "fl",
			  "c": {
				"a": 0,
				"k": [
				  0,
				  0.478,
				  0.533,
				  1
				],
				"ix": 4
			  },
			  "o": {
				"a": 0,
				"k": 100,
				"ix": 5
			  },
			  "r": 1,
			  "nm": "Fill 1",
			  "mn": "ADBE Vector Graphic - Fill",
			  "hd": false
			},
			{
			  "ty": "tr",
			  "p": {
				"a": 0,
				"k": [
				  28.703,
				  40.443
				],
				"ix": 2
			  },
			  "a": {
				"a": 0,
				"k": [
				  0,
				  0
				],
				"ix": 1
			  },
			  "s": {
				"a": 0,
				"k": [
				  100,
				  100
				],
				"ix": 3
			  },
			  "r": {
				"a": 0,
				"k": 0,
				"ix": 6
			  },
			  "o": {
				"a": 0,
				"k": 100,
				"ix": 7
			  },
			  "sk": {
				"a": 0,
				"k": 0,
				"ix": 4
			  },
			  "sa": {
				"a": 0,
				"k": 0,
				"ix": 5
			  },
			  "nm": "Transform"
			}
		  ],
		  "nm": "Group 2",
		  "np": 4,
		  "cix": 2,
		  "ix": 2,
		  "mn": "ADBE Vector Group",
		  "hd": false
		},
		{
		  "ty": "gr",
		  "it": [
			{
			  "ind": 0,
			  "ty": "sh",
			  "ix": 1,
			  "ks": {
				"a": 0,
				"k": {
				  "i": [
					[
					  0.034,
					  -0.061
					],
					[
					  0.017,
					  0
					],
					[
					  0,
					  0
					],
					[
					  0.034,
					  0.06
					],
					[
					  -0.009,
					  0.015
					],
					[
					  0,
					  0
					],
					[
					  -0.069,
					  0
					],
					[
					  -0.008,
					  -0.014
					],
					[
					  0,
					  0
					]
				  ],
				  "o": [
					[
					  -0.035,
					  0.06
					],
					[
					  0,
					  0
					],
					[
					  -0.017,
					  0
					],
					[
					  -0.035,
					  -0.061
					],
					[
					  0,
					  0
					],
					[
					  0.009,
					  -0.014
					],
					[
					  0.07,
					  0
					],
					[
					  0,
					  0
					],
					[
					  0.009,
					  0.015
					]
				  ],
				  "v": [
					[
					  20.035,
					  17.319
					],
					[
					  19.931,
					  17.379
					],
					[
					  -19.93,
					  17.379
					],
					[
					  -20.034,
					  17.319
					],
					[
					  -20.034,
					  17.199
					],
					[
					  -0.104,
					  -17.319
					],
					[
					  0,
					  -17.378
					],
					[
					  0.104,
					  -17.319
					],
					[
					  20.035,
					  17.199
					]
				  ],
				  "c": true
				},
				"ix": 2
			  },
			  "nm": "Path 1",
			  "mn": "ADBE Vector Shape - Group",
			  "hd": false
			},
			{
			  "ind": 1,
			  "ty": "sh",
			  "ix": 2,
			  "ks": {
				"a": 0,
				"k": {
				  "i": [
					[
					  0.628,
					  0
					],
					[
					  0.314,
					  -0.544
					],
					[
					  0,
					  0
					],
					[
					  -0.314,
					  -0.544
					],
					[
					  -0.628,
					  0
					],
					[
					  0,
					  0
					],
					[
					  -0.313,
					  0.543
					],
					[
					  0.314,
					  0.543
					],
					[
					  0,
					  0
					]
				  ],
				  "o": [
					[
					  -0.627,
					  0
					],
					[
					  0,
					  0
					],
					[
					  -0.314,
					  0.543
					],
					[
					  0.314,
					  0.543
					],
					[
					  0,
					  0
					],
					[
					  0.626,
					  0
					],
					[
					  0.314,
					  -0.544
					],
					[
					  0,
					  0
					],
					[
					  -0.314,
					  -0.543
					]
				  ],
				  "v": [
					[
					  0,
					  -18.994
					],
					[
					  -1.503,
					  -18.125
					],
					[
					  -21.433,
					  16.391
					],
					[
					  -21.433,
					  18.127
					],
					[
					  -19.93,
					  18.994
					],
					[
					  19.931,
					  18.994
					],
					[
					  21.433,
					  18.127
					],
					[
					  21.433,
					  16.391
					],
					[
					  1.503,
					  -18.126
					]
				  ],
				  "c": true
				},
				"ix": 2
			  },
			  "nm": "Path 2",
			  "mn": "ADBE Vector Shape - Group",
			  "hd": false
			},
			{
			  "ty": "mm",
			  "mm": 1,
			  "nm": "Merge Paths 1",
			  "mn": "ADBE Vector Filter - Merge",
			  "hd": false
			},
			{
			  "ty": "fl",
			  "c": {
				"a": 0,
				"k": [
				  0,
				  0.478,
				  0.533,
				  1
				],
				"ix": 4
			  },
			  "o": {
				"a": 0,
				"k": 100,
				"ix": 5
			  },
			  "r": 1,
			  "nm": "Fill 1",
			  "mn": "ADBE Vector Graphic - Fill",
			  "hd": false
			},
			{
			  "ty": "tr",
			  "p": {
				"a": 0,
				"k": [
				  28.702,
				  26.987
				],
				"ix": 2
			  },
			  "a": {
				"a": 0,
				"k": [
				  0,
				  0
				],
				"ix": 1
			  },
			  "s": {
				"a": 0,
				"k": [
				  100,
				  100
				],
				"ix": 3
			  },
			  "r": {
				"a": 0,
				"k": 0,
				"ix": 6
			  },
			  "o": {
				"a": 0,
				"k": 100,
				"ix": 7
			  },
			  "sk": {
				"a": 0,
				"k": 0,
				"ix": 4
			  },
			  "sa": {
				"a": 0,
				"k": 0,
				"ix": 5
			  },
			  "nm": "Transform"
			}
		  ],
		  "nm": "Group 3",
		  "np": 4,
		  "cix": 2,
		  "ix": 3,
		  "mn": "ADBE Vector Group",
		  "hd": false
		},
		{
		  "ty": "gr",
		  "it": [
			{
			  "ind": 0,
			  "ty": "sh",
			  "ix": 1,
			  "ks": {
				"a": 0,
				"k": {
				  "i": [
					[
					  -0.386,
					  -0.224
					],
					[
					  -0.223,
					  0.387
					],
					[
					  0,
					  0
					],
					[
					  -0.07,
					  0
					],
					[
					  -0.008,
					  -0.015
					],
					[
					  0,
					  0
					],
					[
					  -0.28,
					  0
					],
					[
					  -0.127,
					  0.073
					],
					[
					  0.222,
					  0.387
					],
					[
					  0,
					  0
					],
					[
					  0.628,
					  0
					],
					[
					  0.314,
					  -0.544
					],
					[
					  0,
					  0
					]
				  ],
				  "o": [
					[
					  0.386,
					  0.223
					],
					[
					  0,
					  0
					],
					[
					  0.008,
					  -0.014
					],
					[
					  0.07,
					  0
					],
					[
					  0,
					  0
					],
					[
					  0.15,
					  0.26
					],
					[
					  0.136,
					  0
					],
					[
					  0.387,
					  -0.223
					],
					[
					  0,
					  0
					],
					[
					  -0.314,
					  -0.544
					],
					[
					  -0.627,
					  0
					],
					[
					  0,
					  0
					],
					[
					  -0.224,
					  0.387
					]
				  ],
				  "v": [
					[
					  -15.91,
					  13.605
					],
					[
					  -14.807,
					  13.309
					],
					[
					  -0.105,
					  -12.152
					],
					[
					  -0.001,
					  -12.212
					],
					[
					  0.104,
					  -12.152
					],
					[
					  14.807,
					  13.312
					],
					[
					  15.508,
					  13.716
					],
					[
					  15.911,
					  13.608
					],
					[
					  16.206,
					  12.504
					],
					[
					  1.503,
					  -12.959
					],
					[
					  -0.001,
					  -13.828
					],
					[
					  -1.504,
					  -12.959
					],
					[
					  -16.204,
					  12.501
					]
				  ],
				  "c": true
				},
				"ix": 2
			  },
			  "nm": "Path 1",
			  "mn": "ADBE Vector Shape - Group",
			  "hd": false
			},
			{
			  "ty": "fl",
			  "c": {
				"a": 0,
				"k": [
				  0,
				  0.478,
				  0.533,
				  1
				],
				"ix": 4
			  },
			  "o": {
				"a": 0,
				"k": 100,
				"ix": 5
			  },
			  "r": 1,
			  "nm": "Fill 1",
			  "mn": "ADBE Vector Graphic - Fill",
			  "hd": false
			},
			{
			  "ty": "tr",
			  "p": {
				"a": 0,
				"k": [
				  28.703,
				  14.078
				],
				"ix": 2
			  },
			  "a": {
				"a": 0,
				"k": [
				  0,
				  0
				],
				"ix": 1
			  },
			  "s": {
				"a": 0,
				"k": [
				  100,
				  100
				],
				"ix": 3
			  },
			  "r": {
				"a": 0,
				"k": 0,
				"ix": 6
			  },
			  "o": {
				"a": 0,
				"k": 100,
				"ix": 7
			  },
			  "sk": {
				"a": 0,
				"k": 0,
				"ix": 4
			  },
			  "sa": {
				"a": 0,
				"k": 0,
				"ix": 5
			  },
			  "nm": "Transform"
			}
		  ],
		  "nm": "Group 4",
		  "np": 2,
		  "cix": 2,
		  "ix": 4,
		  "mn": "ADBE Vector Group",
		  "hd": false
		},
		{
		  "ty": "gr",
		  "it": [
			{
			  "ind": 0,
			  "ty": "sh",
			  "ix": 1,
			  "ks": {
				"a": 0,
				"k": {
				  "i": [
					[
					  0.313,
					  0.543
					],
					[
					  0,
					  0
					],
					[
					  0.387,
					  -0.222
					],
					[
					  -0.224,
					  -0.387
					],
					[
					  0,
					  0
					],
					[
					  0.034,
					  -0.06
					],
					[
					  0.018,
					  0
					],
					[
					  0,
					  0
					],
					[
					  0.035,
					  0.06
					],
					[
					  -0.009,
					  0.014
					],
					[
					  0,
					  0
					],
					[
					  0.386,
					  0.223
					],
					[
					  0.223,
					  -0.386
					],
					[
					  0,
					  0
					],
					[
					  -0.313,
					  -0.543
					],
					[
					  -0.628,
					  0
					],
					[
					  0,
					  0
					],
					[
					  -0.313,
					  0.544
					]
				  ],
				  "o": [
					[
					  0,
					  0
					],
					[
					  -0.223,
					  -0.386
					],
					[
					  -0.386,
					  0.224
					],
					[
					  0,
					  0
					],
					[
					  0.007,
					  0.014
					],
					[
					  -0.036,
					  0.06
					],
					[
					  0,
					  0
					],
					[
					  -0.017,
					  0
					],
					[
					  -0.035,
					  -0.06
					],
					[
					  0,
					  0
					],
					[
					  0.224,
					  -0.386
					],
					[
					  -0.386,
					  -0.223
					],
					[
					  0,
					  0
					],
					[
					  -0.313,
					  0.543
					],
					[
					  0.314,
					  0.544
					],
					[
					  0,
					  0
					],
					[
					  0.628,
					  0
					],
					[
					  0.313,
					  -0.543
					]
				  ],
				  "v": [
					[
					  28.139,
					  7.882
					],
					[
					  17.833,
					  -9.967
					],
					[
					  16.73,
					  -10.264
					],
					[
					  16.436,
					  -9.16
					],
					[
					  26.742,
					  8.689
					],
					[
					  26.742,
					  8.809
					],
					[
					  26.636,
					  8.87
					],
					[
					  -26.637,
					  8.87
					],
					[
					  -26.74,
					  8.809
					],
					[
					  -26.74,
					  8.689
					],
					[
					  -16.441,
					  -9.148
					],
					[
					  -16.736,
					  -10.251
					],
					[
					  -17.839,
					  -9.956
					],
					[
					  -28.139,
					  7.882
					],
					[
					  -28.139,
					  9.617
					],
					[
					  -26.635,
					  10.486
					],
					[
					  26.636,
					  10.486
					],
					[
					  28.139,
					  9.617
					]
				  ],
				  "c": true
				},
				"ix": 2
			  },
			  "nm": "Path 1",
			  "mn": "ADBE Vector Shape - Group",
			  "hd": false
			},
			{
			  "ty": "fl",
			  "c": {
				"a": 0,
				"k": [
				  0,
				  0.478,
				  0.533,
				  1
				],
				"ix": 4
			  },
			  "o": {
				"a": 0,
				"k": 100,
				"ix": 5
			  },
			  "r": 1,
			  "nm": "Fill 1",
			  "mn": "ADBE Vector Graphic - Fill",
			  "hd": false
			},
			{
			  "ty": "tr",
			  "p": {
				"a": 0,
				"k": [
				  28.703,
				  39.368
				],
				"ix": 2
			  },
			  "a": {
				"a": 0,
				"k": [
				  0,
				  0
				],
				"ix": 1
			  },
			  "s": {
				"a": 0,
				"k": [
				  100,
				  100
				],
				"ix": 3
			  },
			  "r": {
				"a": 0,
				"k": 0,
				"ix": 6
			  },
			  "o": {
				"a": 0,
				"k": 100,
				"ix": 7
			  },
			  "sk": {
				"a": 0,
				"k": 0,
				"ix": 4
			  },
			  "sa": {
				"a": 0,
				"k": 0,
				"ix": 5
			  },
			  "nm": "Transform"
			}
		  ],
		  "nm": "Group 5",
		  "np": 2,
		  "cix": 2,
		  "ix": 5,
		  "mn": "ADBE Vector Group",
		  "hd": false
		},
		{
		  "ty": "gr",
		  "it": [
			{
			  "ind": 0,
			  "ty": "sh",
			  "ix": 1,
			  "ks": {
				"a": 0,
				"k": {
				  "i": [
					[
					  0,
					  0
					],
					[
					  0.007,
					  -0.236
					],
					[
					  0,
					  0
					],
					[
					  0.228,
					  0
					],
					[
					  0,
					  0
					],
					[
					  0.006,
					  0.228
					],
					[
					  0,
					  0
					],
					[
					  -0.237,
					  0
					]
				  ],
				  "o": [
					[
					  0.236,
					  0
					],
					[
					  0,
					  0
					],
					[
					  -0.007,
					  0.228
					],
					[
					  0,
					  0
					],
					[
					  -0.228,
					  0
					],
					[
					  0,
					  0
					],
					[
					  -0.007,
					  -0.236
					],
					[
					  0,
					  0
					]
				  ],
				  "v": [
					[
					  1.436,
					  -9.346
					],
					[
					  1.856,
					  -8.914
					],
					[
					  1.337,
					  8.938
					],
					[
					  0.916,
					  9.346
					],
					[
					  -0.917,
					  9.346
					],
					[
					  -1.337,
					  8.938
					],
					[
					  -1.856,
					  -8.914
					],
					[
					  -1.436,
					  -9.346
					]
				  ],
				  "c": true
				},
				"ix": 2
			  },
			  "nm": "Path 1",
			  "mn": "ADBE Vector Shape - Group",
			  "hd": false
			},
			{
			  "ty": "fl",
			  "c": {
				"a": 0,
				"k": [
				  0,
				  0.478,
				  0.533,
				  1
				],
				"ix": 4
			  },
			  "o": {
				"a": 0,
				"k": 100,
				"ix": 5
			  },
			  "r": 1,
			  "nm": "Fill 1",
			  "mn": "ADBE Vector Graphic - Fill",
			  "hd": false
			},
			{
			  "ty": "tr",
			  "p": {
				"a": 0,
				"k": [
				  28.703,
				  26.116
				],
				"ix": 2
			  },
			  "a": {
				"a": 0,
				"k": [
				  0,
				  0
				],
				"ix": 1
			  },
			  "s": {
				"a": 0,
				"k": [
				  100,
				  100
				],
				"ix": 3
			  },
			  "r": {
				"a": 0,
				"k": 0,
				"ix": 6
			  },
			  "o": {
				"a": 0,
				"k": 100,
				"ix": 7
			  },
			  "sk": {
				"a": 0,
				"k": 0,
				"ix": 4
			  },
			  "sa": {
				"a": 0,
				"k": 0,
				"ix": 5
			  },
			  "nm": "Transform"
			}
		  ],
		  "nm": "Group 6",
		  "np": 2,
		  "cix": 2,
		  "ix": 6,
		  "mn": "ADBE Vector Group",
		  "hd": false
		},
		{
		  "ty": "gr",
		  "it": [
			{
			  "ind": 0,
			  "ty": "sh",
			  "ix": 1,
			  "ks": {
				"a": 0,
				"k": {
				  "i": [
					[
					  -1.325,
					  0
					],
					[
					  0,
					  -1.402
					],
					[
					  1.402,
					  0
					],
					[
					  0,
					  0
					],
					[
					  0,
					  1.362
					]
				  ],
				  "o": [
					[
					  1.402,
					  0
					],
					[
					  0,
					  1.362
					],
					[
					  0,
					  0
					],
					[
					  -1.323,
					  0
					],
					[
					  0,
					  -1.402
					]
				  ],
				  "v": [
					[
					  0,
					  -2.415
					],
					[
					  2.298,
					  0.001
					],
					[
					  0,
					  2.415
					],
					[
					  -0.04,
					  2.415
					],
					[
					  -2.298,
					  0.001
					]
				  ],
				  "c": true
				},
				"ix": 2
			  },
			  "nm": "Path 1",
			  "mn": "ADBE Vector Shape - Group",
			  "hd": false
			},
			{
			  "ty": "fl",
			  "c": {
				"a": 0,
				"k": [
				  1,
				  1,
				  1,
				  1
				],
				"ix": 4
			  },
			  "o": {
				"a": 0,
				"k": 100,
				"ix": 5
			  },
			  "r": 1,
			  "nm": "Fill 1",
			  "mn": "ADBE Vector Graphic - Fill",
			  "hd": false
			},
			{
			  "ty": "tr",
			  "p": {
				"a": 0,
				"k": [
				  28.703,
				  40.443
				],
				"ix": 2
			  },
			  "a": {
				"a": 0,
				"k": [
				  0,
				  0
				],
				"ix": 1
			  },
			  "s": {
				"a": 0,
				"k": [
				  100,
				  100
				],
				"ix": 3
			  },
			  "r": {
				"a": 0,
				"k": 0,
				"ix": 6
			  },
			  "o": {
				"a": 0,
				"k": 100,
				"ix": 7
			  },
			  "sk": {
				"a": 0,
				"k": 0,
				"ix": 4
			  },
			  "sa": {
				"a": 0,
				"k": 0,
				"ix": 5
			  },
			  "nm": "Transform"
			}
		  ],
		  "nm": "Group 7",
		  "np": 2,
		  "cix": 2,
		  "ix": 7,
		  "mn": "ADBE Vector Group",
		  "hd": false
		},
		{
		  "ty": "gr",
		  "it": [
			{
			  "ind": 0,
			  "ty": "sh",
			  "ix": 1,
			  "ks": {
				"a": 0,
				"k": {
				  "i": [
					[
					  0.357,
					  0.619
					],
					[
					  0,
					  0
					],
					[
					  0.357,
					  -0.618
					],
					[
					  0,
					  0
					],
					[
					  0,
					  0
					],
					[
					  0,
					  0
					]
				  ],
				  "o": [
					[
					  0,
					  0
					],
					[
					  -0.358,
					  -0.618
					],
					[
					  0,
					  0
					],
					[
					  0,
					  0
					],
					[
					  0,
					  0
					],
					[
					  0.714,
					  -0.001
					]
				  ],
				  "v": [
					[
					  11.125,
					  16.871
					],
					[
					  -8.805,
					  -17.646
					],
					[
					  -10.413,
					  -17.646
					],
					[
					  -11.482,
					  -15.792
					],
					[
					  8.241,
					  18.264
					],
					[
					  10.321,
					  18.264
					]
				  ],
				  "c": true
				},
				"ix": 2
			  },
			  "nm": "Path 1",
			  "mn": "ADBE Vector Shape - Group",
			  "hd": false
			},
			{
			  "ty": "fl",
			  "c": {
				"a": 0,
				"k": [
				  0,
				  0.478,
				  0.533,
				  1
				],
				"ix": 4
			  },
			  "o": {
				"a": 0,
				"k": 100,
				"ix": 5
			  },
			  "r": 1,
			  "nm": "Fill 1",
			  "mn": "ADBE Vector Graphic - Fill",
			  "hd": false
			},
			{
			  "ty": "tr",
			  "p": {
				"a": 0,
				"k": [
				  38.312,
				  26.911
				],
				"ix": 2
			  },
			  "a": {
				"a": 0,
				"k": [
				  0,
				  0
				],
				"ix": 1
			  },
			  "s": {
				"a": 0,
				"k": [
				  100,
				  100
				],
				"ix": 3
			  },
			  "r": {
				"a": 0,
				"k": 0,
				"ix": 6
			  },
			  "o": {
				"a": 0,
				"k": 100,
				"ix": 7
			  },
			  "sk": {
				"a": 0,
				"k": 0,
				"ix": 4
			  },
			  "sa": {
				"a": 0,
				"k": 0,
				"ix": 5
			  },
			  "nm": "Transform"
			}
		  ],
		  "nm": "Group 8",
		  "np": 2,
		  "cix": 2,
		  "ix": 8,
		  "mn": "ADBE Vector Group",
		  "hd": false
		},
		{
		  "ty": "gr",
		  "it": [
			{
			  "ind": 0,
			  "ty": "sh",
			  "ix": 1,
			  "ks": {
				"a": 0,
				"k": {
				  "i": [
					[
					  -0.357,
					  0.619
					],
					[
					  0,
					  0
					],
					[
					  -0.357,
					  -0.618
					],
					[
					  0,
					  0
					],
					[
					  0.714,
					  0
					],
					[
					  0,
					  0
					]
				  ],
				  "o": [
					[
					  0,
					  0
					],
					[
					  0.357,
					  -0.618
					],
					[
					  0,
					  0
					],
					[
					  0.357,
					  0.619
					],
					[
					  0,
					  0
					],
					[
					  -0.715,
					  0
					]
				  ],
				  "v": [
					[
					  -20.734,
					  16.871
					],
					[
					  -0.804,
					  -17.646
					],
					[
					  0.803,
					  -17.646
					],
					[
					  20.734,
					  16.871
					],
					[
					  19.93,
					  18.264
					],
					[
					  -19.93,
					  18.264
					]
				  ],
				  "c": true
				},
				"ix": 2
			  },
			  "nm": "Path 1",
			  "mn": "ADBE Vector Shape - Group",
			  "hd": false
			},
			{
			  "ty": "fl",
			  "c": {
				"a": 0,
				"k": [
				  0,
				  0.478,
				  0.533,
				  1
				],
				"ix": 4
			  },
			  "o": {
				"a": 0,
				"k": 100,
				"ix": 5
			  },
			  "r": 1,
			  "nm": "Fill 1",
			  "mn": "ADBE Vector Graphic - Fill",
			  "hd": false
			},
			{
			  "ty": "tr",
			  "p": {
				"a": 0,
				"k": [
				  28.703,
				  26.91
				],
				"ix": 2
			  },
			  "a": {
				"a": 0,
				"k": [
				  0,
				  0
				],
				"ix": 1
			  },
			  "s": {
				"a": 0,
				"k": [
				  100,
				  100
				],
				"ix": 3
			  },
			  "r": {
				"a": 0,
				"k": 0,
				"ix": 6
			  },
			  "o": {
				"a": 0,
				"k": 100,
				"ix": 7
			  },
			  "sk": {
				"a": 0,
				"k": 0,
				"ix": 4
			  },
			  "sa": {
				"a": 0,
				"k": 0,
				"ix": 5
			  },
			  "nm": "Transform"
			}
		  ],
		  "nm": "Group 9",
		  "np": 2,
		  "cix": 2,
		  "ix": 9,
		  "mn": "ADBE Vector Group",
		  "hd": false
		},
		{
		  "ty": "gr",
		  "it": [
			{
			  "ind": 0,
			  "ty": "sh",
			  "ix": 1,
			  "ks": {
				"a": 0,
				"k": {
				  "i": [
					[
					  0.357,
					  0.619
					],
					[
					  0,
					  0
					],
					[
					  0.357,
					  -0.618
					],
					[
					  0,
					  0
					],
					[
					  0,
					  0
					],
					[
					  0,
					  0
					]
				  ],
				  "o": [
					[
					  0,
					  0
					],
					[
					  -0.358,
					  -0.618
					],
					[
					  0,
					  0
					],
					[
					  0,
					  0
					],
					[
					  0,
					  0
					],
					[
					  0.714,
					  0
					]
				  ],
				  "v": [
					[
					  14.426,
					  22.678
					],
					[
					  -12.21,
					  -23.453
					],
					[
					  -13.818,
					  -23.453
					],
					[
					  -14.783,
					  -21.778
					],
					[
					  11.689,
					  24.071
					],
					[
					  13.622,
					  24.071
					]
				  ],
				  "c": true
				},
				"ix": 2
			  },
			  "nm": "Path 1",
			  "mn": "ADBE Vector Shape - Group",
			  "hd": false
			},
			{
			  "ty": "fl",
			  "c": {
				"a": 0,
				"k": [
				  1,
				  1,
				  1,
				  1
				],
				"ix": 4
			  },
			  "o": {
				"a": 0,
				"k": 100,
				"ix": 5
			  },
			  "r": 1,
			  "nm": "Fill 1",
			  "mn": "ADBE Vector Graphic - Fill",
			  "hd": false
			},
			{
			  "ty": "tr",
			  "p": {
				"a": 0,
				"k": [
				  41.716,
				  24.975
				],
				"ix": 2
			  },
			  "a": {
				"a": 0,
				"k": [
				  0,
				  0
				],
				"ix": 1
			  },
			  "s": {
				"a": 0,
				"k": [
				  100,
				  100
				],
				"ix": 3
			  },
			  "r": {
				"a": 0,
				"k": 0,
				"ix": 6
			  },
			  "o": {
				"a": 0,
				"k": 100,
				"ix": 7
			  },
			  "sk": {
				"a": 0,
				"k": 0,
				"ix": 4
			  },
			  "sa": {
				"a": 0,
				"k": 0,
				"ix": 5
			  },
			  "nm": "Transform"
			}
		  ],
		  "nm": "Group 10",
		  "np": 2,
		  "cix": 2,
		  "ix": 10,
		  "mn": "ADBE Vector Group",
		  "hd": false
		},
		{
		  "ty": "gr",
		  "it": [
			{
			  "ind": 0,
			  "ty": "sh",
			  "ix": 1,
			  "ks": {
				"a": 0,
				"k": {
				  "i": [
					[
					  -0.357,
					  0.619
					],
					[
					  0,
					  0
					],
					[
					  -0.357,
					  -0.618
					],
					[
					  0,
					  0
					],
					[
					  0.714,
					  0
					],
					[
					  0,
					  0
					]
				  ],
				  "o": [
					[
					  0,
					  0
					],
					[
					  0.357,
					  -0.618
					],
					[
					  0,
					  0
					],
					[
					  0.357,
					  0.619
					],
					[
					  0,
					  0
					],
					[
					  -0.715,
					  0
					]
				  ],
				  "v": [
					[
					  -27.44,
					  22.678
					],
					[
					  -0.804,
					  -23.453
					],
					[
					  0.803,
					  -23.453
					],
					[
					  27.44,
					  22.678
					],
					[
					  26.636,
					  24.071
					],
					[
					  -26.636,
					  24.071
					]
				  ],
				  "c": true
				},
				"ix": 2
			  },
			  "nm": "Path 1",
			  "mn": "ADBE Vector Shape - Group",
			  "hd": false
			},
			{
			  "ty": "fl",
			  "c": {
				"a": 0,
				"k": [
				  1,
				  1,
				  1,
				  1
				],
				"ix": 4
			  },
			  "o": {
				"a": 0,
				"k": 100,
				"ix": 5
			  },
			  "r": 1,
			  "nm": "Fill 1",
			  "mn": "ADBE Vector Graphic - Fill",
			  "hd": false
			},
			{
			  "ty": "tr",
			  "p": {
				"a": 0,
				"k": [
				  28.703,
				  24.975
				],
				"ix": 2
			  },
			  "a": {
				"a": 0,
				"k": [
				  0,
				  0
				],
				"ix": 1
			  },
			  "s": {
				"a": 0,
				"k": [
				  100,
				  100
				],
				"ix": 3
			  },
			  "r": {
				"a": 0,
				"k": 0,
				"ix": 6
			  },
			  "o": {
				"a": 0,
				"k": 100,
				"ix": 7
			  },
			  "sk": {
				"a": 0,
				"k": 0,
				"ix": 4
			  },
			  "sa": {
				"a": 0,
				"k": 0,
				"ix": 5
			  },
			  "nm": "Transform"
			}
		  ],
		  "nm": "Group 11",
		  "np": 2,
		  "cix": 2,
		  "ix": 11,
		  "mn": "ADBE Vector Group",
		  "hd": false
		}
	  ],
	  "ip": 0,
	  "op": 194,
	  "st": 0,
	  "bm": 0
	},
	{
	  "ddd": 0,
	  "ind": 4,
	  "ty": 4,
	  "nm": "Layer 5/erro Outlines",
	  "sr": 1,
	  "ks": {
		"o": {
		  "a": 0,
		  "k": 100,
		  "ix": 11
		},
		"r": {
		  "a": 0,
		  "k": 0,
		  "ix": 10
		},
		"p": {
		  "a": 0,
		  "k": [
			94.75,
			85.5,
			0
		  ],
		  "ix": 2
		},
		"a": {
		  "a": 0,
		  "k": [
			12,
			6.5,
			0
		  ],
		  "ix": 1
		},
		"s": {
		  "a": 0,
		  "k": [
			127.544,
			127.544,
			100
		  ],
		  "ix": 6
		}
	  },
	  "ao": 0,
	  "shapes": [
		{
		  "ty": "gr",
		  "it": [
			{
			  "ind": 0,
			  "ty": "sh",
			  "ix": 1,
			  "ks": {
				"a": 0,
				"k": {
				  "i": [
					[
					  0,
					  0
					],
					[
					  0,
					  0
					],
					[
					  0,
					  0
					],
					[
					  0,
					  0
					],
					[
					  0,
					  0
					],
					[
					  0,
					  0
					]
				  ],
				  "o": [
					[
					  0,
					  0
					],
					[
					  0,
					  0
					],
					[
					  0,
					  0
					],
					[
					  0,
					  0
					],
					[
					  0,
					  0
					],
					[
					  0,
					  0
					]
				  ],
				  "v": [
					[
					  5.253,
					  1.788
					],
					[
					  4.333,
					  1.723
					],
					[
					  2.872,
					  1.617
					],
					[
					  -5.253,
					  1.027
					],
					[
					  0.05,
					  -1.788
					],
					[
					  5.077,
					  1.378
					]
				  ],
				  "c": true
				},
				"ix": 2
			  },
			  "nm": "Path 1",
			  "mn": "ADBE Vector Shape - Group",
			  "hd": false
			},
			{
			  "ty": "fl",
			  "c": {
				"a": 0,
				"k": [
				  0.773000021542,
				  0.764999988032,
				  0.791999966491,
				  1
				],
				"ix": 4
			  },
			  "o": {
				"a": 0,
				"k": 100,
				"ix": 5
			  },
			  "r": 1,
			  "nm": "Fill 1",
			  "mn": "ADBE Vector Graphic - Fill",
			  "hd": false
			},
			{
			  "ty": "tr",
			  "p": {
				"a": 0,
				"k": [
				  16.665,
				  5.949
				],
				"ix": 2
			  },
			  "a": {
				"a": 0,
				"k": [
				  0,
				  0
				],
				"ix": 1
			  },
			  "s": {
				"a": 0,
				"k": [
				  100,
				  100
				],
				"ix": 3
			  },
			  "r": {
				"a": 0,
				"k": 0,
				"ix": 6
			  },
			  "o": {
				"a": 0,
				"k": 100,
				"ix": 7
			  },
			  "sk": {
				"a": 0,
				"k": 0,
				"ix": 4
			  },
			  "sa": {
				"a": 0,
				"k": 0,
				"ix": 5
			  },
			  "nm": "Transform"
			}
		  ],
		  "nm": "Group 1",
		  "np": 2,
		  "cix": 2,
		  "ix": 1,
		  "mn": "ADBE Vector Group",
		  "hd": false
		},
		{
		  "ty": "gr",
		  "it": [
			{
			  "ind": 0,
			  "ty": "sh",
			  "ix": 1,
			  "ks": {
				"a": 0,
				"k": {
				  "i": [
					[
					  0,
					  0
					],
					[
					  0,
					  0
					],
					[
					  0,
					  0
					],
					[
					  0,
					  0
					],
					[
					  0,
					  0
					],
					[
					  0,
					  0
					],
					[
					  0,
					  0
					],
					[
					  0,
					  0
					],
					[
					  0,
					  0
					]
				  ],
				  "o": [
					[
					  0,
					  0
					],
					[
					  0,
					  0
					],
					[
					  0,
					  0
					],
					[
					  0,
					  0
					],
					[
					  0,
					  0
					],
					[
					  0,
					  0
					],
					[
					  0,
					  0
					],
					[
					  0,
					  0
					],
					[
					  0,
					  0
					]
				  ],
				  "v": [
					[
					  5.253,
					  3.732
					],
					[
					  4.333,
					  3.667
					],
					[
					  2.872,
					  3.561
					],
					[
					  -5.253,
					  2.971
					],
					[
					  -3.313,
					  -2.133
					],
					[
					  -3.004,
					  -2.949
					],
					[
					  -2.704,
					  -3.732
					],
					[
					  0.05,
					  0.156
					],
					[
					  5.077,
					  3.322
					]
				  ],
				  "c": true
				},
				"ix": 2
			  },
			  "nm": "Path 1",
			  "mn": "ADBE Vector Shape - Group",
			  "hd": false
			},
			{
			  "ty": "fl",
			  "c": {
				"a": 0,
				"k": [
				  0.532999973671,
				  0.525,
				  0.560999971278,
				  1
				],
				"ix": 4
			  },
			  "o": {
				"a": 0,
				"k": 100,
				"ix": 5
			  },
			  "r": 1,
			  "nm": "Fill 1",
			  "mn": "ADBE Vector Graphic - Fill",
			  "hd": false
			},
			{
			  "ty": "tr",
			  "p": {
				"a": 0,
				"k": [
				  16.665,
				  4.005
				],
				"ix": 2
			  },
			  "a": {
				"a": 0,
				"k": [
				  0,
				  0
				],
				"ix": 1
			  },
			  "s": {
				"a": 0,
				"k": [
				  100,
				  100
				],
				"ix": 3
			  },
			  "r": {
				"a": 0,
				"k": 0,
				"ix": 6
			  },
			  "o": {
				"a": 0,
				"k": 100,
				"ix": 7
			  },
			  "sk": {
				"a": 0,
				"k": 0,
				"ix": 4
			  },
			  "sa": {
				"a": 0,
				"k": 0,
				"ix": 5
			  },
			  "nm": "Transform"
			}
		  ],
		  "nm": "Group 2",
		  "np": 2,
		  "cix": 2,
		  "ix": 2,
		  "mn": "ADBE Vector Group",
		  "hd": false
		},
		{
		  "ty": "gr",
		  "it": [
			{
			  "ind": 0,
			  "ty": "sh",
			  "ix": 1,
			  "ks": {
				"a": 0,
				"k": {
				  "i": [
					[
					  0,
					  0
					],
					[
					  0,
					  0
					],
					[
					  0,
					  0
					],
					[
					  0,
					  0
					],
					[
					  0,
					  0
					],
					[
					  0,
					  0
					],
					[
					  0,
					  0
					],
					[
					  0,
					  0
					],
					[
					  0,
					  0
					],
					[
					  0,
					  0
					],
					[
					  0,
					  0
					],
					[
					  0,
					  0
					]
				  ],
				  "o": [
					[
					  0,
					  0
					],
					[
					  0,
					  0
					],
					[
					  0,
					  0
					],
					[
					  0,
					  0
					],
					[
					  0,
					  0
					],
					[
					  0,
					  0
					],
					[
					  0,
					  0
					],
					[
					  0,
					  0
					],
					[
					  0,
					  0
					],
					[
					  0,
					  0
					],
					[
					  0,
					  0
					],
					[
					  0,
					  0
					]
				  ],
				  "v": [
					[
					  7.549,
					  1.607
					],
					[
					  7.374,
					  1.195
					],
					[
					  2.346,
					  -1.971
					],
					[
					  -0.408,
					  -5.859
					],
					[
					  -0.426,
					  -5.88
					],
					[
					  -7.803,
					  -3.622
					],
					[
					  -8.195,
					  -1.245
					],
					[
					  -8.475,
					  0.452
					],
					[
					  -9.146,
					  4.503
					],
					[
					  -9.262,
					  5.193
					],
					[
					  -9.376,
					  5.88
					],
					[
					  9.376,
					  5.88
					]
				  ],
				  "c": true
				},
				"ix": 2
			  },
			  "nm": "Path 1",
			  "mn": "ADBE Vector Shape - Group",
			  "hd": false
			},
			{
			  "ty": "fl",
			  "c": {
				"a": 0,
				"k": [
				  0.670999983245,
				  0.666999966491,
				  0.689999988032,
				  1
				],
				"ix": 4
			  },
			  "o": {
				"a": 0,
				"k": 100,
				"ix": 5
			  },
			  "r": 1,
			  "nm": "Fill 1",
			  "mn": "ADBE Vector Graphic - Fill",
			  "hd": false
			},
			{
			  "ty": "tr",
			  "p": {
				"a": 0,
				"k": [
				  14.369,
				  6.131
				],
				"ix": 2
			  },
			  "a": {
				"a": 0,
				"k": [
				  0,
				  0
				],
				"ix": 1
			  },
			  "s": {
				"a": 0,
				"k": [
				  100,
				  100
				],
				"ix": 3
			  },
			  "r": {
				"a": 0,
				"k": 0,
				"ix": 6
			  },
			  "o": {
				"a": 0,
				"k": 100,
				"ix": 7
			  },
			  "sk": {
				"a": 0,
				"k": 0,
				"ix": 4
			  },
			  "sa": {
				"a": 0,
				"k": 0,
				"ix": 5
			  },
			  "nm": "Transform"
			}
		  ],
		  "nm": "Group 3",
		  "np": 2,
		  "cix": 2,
		  "ix": 3,
		  "mn": "ADBE Vector Group",
		  "hd": false
		},
		{
		  "ty": "gr",
		  "it": [
			{
			  "ind": 0,
			  "ty": "sh",
			  "ix": 1,
			  "ks": {
				"a": 0,
				"k": {
				  "i": [
					[
					  0,
					  0
					],
					[
					  0,
					  0
					],
					[
					  0,
					  0
					],
					[
					  0,
					  0
					]
				  ],
				  "o": [
					[
					  0,
					  0
					],
					[
					  0,
					  0
					],
					[
					  0,
					  0
					],
					[
					  0,
					  0
					]
				  ],
				  "v": [
					[
					  3.115,
					  -3.643
					],
					[
					  -1.07,
					  -1.469
					],
					[
					  -3.115,
					  3.643
					],
					[
					  2.984,
					  3.643
					]
				  ],
				  "c": true
				},
				"ix": 2
			  },
			  "nm": "Path 1",
			  "mn": "ADBE Vector Shape - Group",
			  "hd": false
			},
			{
			  "ty": "fl",
			  "c": {
				"a": 0,
				"k": [
				  0.470999983245,
				  0.46699999641,
				  0.497999991623,
				  1
				],
				"ix": 4
			  },
			  "o": {
				"a": 0,
				"k": 100,
				"ix": 5
			  },
			  "r": 1,
			  "nm": "Fill 1",
			  "mn": "ADBE Vector Graphic - Fill",
			  "hd": false
			},
			{
			  "ty": "tr",
			  "p": {
				"a": 0,
				"k": [
				  3.364,
				  8.369
				],
				"ix": 2
			  },
			  "a": {
				"a": 0,
				"k": [
				  0,
				  0
				],
				"ix": 1
			  },
			  "s": {
				"a": 0,
				"k": [
				  100,
				  100
				],
				"ix": 3
			  },
			  "r": {
				"a": 0,
				"k": 0,
				"ix": 6
			  },
			  "o": {
				"a": 0,
				"k": 100,
				"ix": 7
			  },
			  "sk": {
				"a": 0,
				"k": 0,
				"ix": 4
			  },
			  "sa": {
				"a": 0,
				"k": 0,
				"ix": 5
			  },
			  "nm": "Transform"
			}
		  ],
		  "nm": "Group 4",
		  "np": 2,
		  "cix": 2,
		  "ix": 4,
		  "mn": "ADBE Vector Group",
		  "hd": false
		}
	  ],
	  "ip": 0,
	  "op": 194,
	  "st": 0,
	  "bm": 0
	},
	{
	  "ddd": 0,
	  "ind": 5,
	  "ty": 4,
	  "nm": "Layer 4/erro Outlines",
	  "sr": 1,
	  "ks": {
		"o": {
		  "a": 0,
		  "k": 100,
		  "ix": 11
		},
		"r": {
		  "a": 1,
		  "k": [
			{
			  "i": {
				"x": [
				  0.667
				],
				"y": [
				  1
				]
			  },
			  "o": {
				"x": [
				  0.333
				],
				"y": [
				  0
				]
			  },
			  "n": [
				"0p667_1_0p333_0"
			  ],
			  "t": 0,
			  "s": [
				0
			  ],
			  "e": [
				1800
			  ]
			},
			{
			  "t": 81
			}
		  ],
		  "ix": 10
		},
		"p": {
		  "a": 1,
		  "k": [
			{
			  "i": {
				"x": 0.667,
				"y": 1
			  },
			  "o": {
				"x": 0.333,
				"y": 0
			  },
			  "n": "0p667_1_0p333_0",
			  "t": 0,
			  "s": [
				-14.5,
				84,
				0
			  ],
			  "e": [
				73.75,
				83.25,
				0
			  ],
			  "to": [
				14.7083330154419,
				-0.125,
				0
			  ],
			  "ti": [
				-14.7083330154419,
				0.125,
				0
			  ]
			},
			{
			  "i": {
				"x": 0.667,
				"y": 0.667
			  },
			  "o": {
				"x": 0.333,
				"y": 0.333
			  },
			  "n": "0p667_0p667_0p333_0p333",
			  "t": 81,
			  "s": [
				73.75,
				83.25,
				0
			  ],
			  "e": [
				73.75,
				83.25,
				0
			  ],
			  "to": [
				0,
				0,
				0
			  ],
			  "ti": [
				0,
				0,
				0
			  ]
			},
			{
			  "t": 92
			}
		  ],
		  "ix": 2
		},
		"a": {
		  "a": 0,
		  "k": [
			13.5,
			13.5,
			0
		  ],
		  "ix": 1
		},
		"s": {
		  "a": 0,
		  "k": [
			68.362,
			68.362,
			100
		  ],
		  "ix": 6
		}
	  },
	  "ao": 0,
	  "shapes": [
		{
		  "ty": "gr",
		  "it": [
			{
			  "ind": 0,
			  "ty": "sh",
			  "ix": 1,
			  "ks": {
				"a": 0,
				"k": {
				  "i": [
					[
					  7.149,
					  0
					],
					[
					  0,
					  -7.152
					],
					[
					  -7.152,
					  0
					],
					[
					  -2.224,
					  1.795
					],
					[
					  0,
					  0
					],
					[
					  2.516,
					  0
					],
					[
					  0,
					  6.02
					],
					[
					  -6.023,
					  0
					],
					[
					  0,
					  -6.024
					],
					[
					  1.701,
					  -1.925
					],
					[
					  0,
					  0
					],
					[
					  0,
					  3.328
					]
				  ],
				  "o": [
					[
					  -7.152,
					  0
					],
					[
					  0,
					  7.149
					],
					[
					  3.078,
					  0
					],
					[
					  0,
					  0
					],
					[
					  -1.849,
					  1.433
					],
					[
					  -6.023,
					  0
					],
					[
					  0,
					  -6.024
					],
					[
					  6.021,
					  0
					],
					[
					  0,
					  2.765
					],
					[
					  0,
					  0
					],
					[
					  2.067,
					  -2.295
					],
					[
					  0,
					  -7.152
					]
				  ],
				  "v": [
					[
					  0.002,
					  -12.947
					],
					[
					  -12.947,
					  0.001
					],
					[
					  0.002,
					  12.947
					],
					[
					  8.13,
					  10.077
					],
					[
					  6.687,
					  8.633
					],
					[
					  0.002,
					  10.924
					],
					[
					  -10.924,
					  0.001
					],
					[
					  0.002,
					  -10.921
					],
					[
					  10.923,
					  0.001
					],
					[
					  8.189,
					  7.221
					],
					[
					  9.624,
					  8.658
					],
					[
					  12.947,
					  0.001
					]
				  ],
				  "c": true
				},
				"ix": 2
			  },
			  "nm": "Path 1",
			  "mn": "ADBE Vector Shape - Group",
			  "hd": false
			},
			{
			  "ty": "fl",
			  "c": {
				"a": 0,
				"k": [
				  0.992156862745,
				  0.647058823529,
				  0.105882352941,
				  1
				],
				"ix": 4
			  },
			  "o": {
				"a": 0,
				"k": 100,
				"ix": 5
			  },
			  "r": 1,
			  "nm": "Fill 1",
			  "mn": "ADBE Vector Graphic - Fill",
			  "hd": false
			},
			{
			  "ty": "tr",
			  "p": {
				"a": 0,
				"k": [
				  13.196,
				  13.196
				],
				"ix": 2
			  },
			  "a": {
				"a": 0,
				"k": [
				  0,
				  0
				],
				"ix": 1
			  },
			  "s": {
				"a": 0,
				"k": [
				  100,
				  100
				],
				"ix": 3
			  },
			  "r": {
				"a": 0,
				"k": 0,
				"ix": 6
			  },
			  "o": {
				"a": 0,
				"k": 100,
				"ix": 7
			  },
			  "sk": {
				"a": 0,
				"k": 0,
				"ix": 4
			  },
			  "sa": {
				"a": 0,
				"k": 0,
				"ix": 5
			  },
			  "nm": "Transform"
			}
		  ],
		  "nm": "Group 1",
		  "np": 2,
		  "cix": 2,
		  "ix": 1,
		  "mn": "ADBE Vector Group",
		  "hd": false
		},
		{
		  "ty": "gr",
		  "it": [
			{
			  "ind": 0,
			  "ty": "sh",
			  "ix": 1,
			  "ks": {
				"a": 0,
				"k": {
				  "i": [
					[
					  0.427,
					  0.022
					],
					[
					  0.022,
					  -0.426
					],
					[
					  1.04,
					  -0.906
					],
					[
					  1.785,
					  0.153
					],
					[
					  0.036,
					  -0.426
					],
					[
					  -0.427,
					  -0.036
					],
					[
					  -0.28,
					  0
					],
					[
					  -1.214,
					  1.055
					],
					[
					  -0.114,
					  2.16
					]
				  ],
				  "o": [
					[
					  -0.437,
					  -0.023
					],
					[
					  -0.092,
					  1.731
					],
					[
					  -1.074,
					  0.933
					],
					[
					  -0.438,
					  -0.049
					],
					[
					  -0.037,
					  0.427
					],
					[
					  0.291,
					  0.027
					],
					[
					  1.851,
					  0
					],
					[
					  1.365,
					  -1.188
					],
					[
					  0.023,
					  -0.426
					]
				  ],
				  "v": [
					[
					  3.519,
					  -3.755
					],
					[
					  2.705,
					  -3.023
					],
					[
					  0.975,
					  1.007
					],
					[
					  -3.398,
					  2.197
					],
					[
					  -4.236,
					  2.902
					],
					[
					  -3.531,
					  3.74
					],
					[
					  -2.675,
					  3.777
					],
					[
					  1.99,
					  2.176
					],
					[
					  4.25,
					  -2.941
					]
				  ],
				  "c": true
				},
				"ix": 2
			  },
			  "nm": "Path 1",
			  "mn": "ADBE Vector Shape - Group",
			  "hd": false
			},
			{
			  "ty": "fl",
			  "c": {
				"a": 0,
				"k": [
				  0.694117647059,
				  0.447058823529,
				  0.094117647059,
				  1
				],
				"ix": 4
			  },
			  "o": {
				"a": 0,
				"k": 100,
				"ix": 5
			  },
			  "r": 1,
			  "nm": "Fill 1",
			  "mn": "ADBE Vector Graphic - Fill",
			  "hd": false
			},
			{
			  "ty": "tr",
			  "p": {
				"a": 0,
				"k": [
				  17.519,
				  17.092
				],
				"ix": 2
			  },
			  "a": {
				"a": 0,
				"k": [
				  0,
				  0
				],
				"ix": 1
			  },
			  "s": {
				"a": 0,
				"k": [
				  100,
				  100
				],
				"ix": 3
			  },
			  "r": {
				"a": 0,
				"k": 0,
				"ix": 6
			  },
			  "o": {
				"a": 0,
				"k": 100,
				"ix": 7
			  },
			  "sk": {
				"a": 0,
				"k": 0,
				"ix": 4
			  },
			  "sa": {
				"a": 0,
				"k": 0,
				"ix": 5
			  },
			  "nm": "Transform"
			}
		  ],
		  "nm": "Group 2",
		  "np": 2,
		  "cix": 2,
		  "ix": 2,
		  "mn": "ADBE Vector Group",
		  "hd": false
		}
	  ],
	  "ip": 0,
	  "op": 194,
	  "st": 0,
	  "bm": 0
	},
	{
	  "ddd": 0,
	  "ind": 6,
	  "ty": 4,
	  "nm": "Layer 6/erro Outlines",
	  "sr": 1,
	  "ks": {
		"o": {
		  "a": 0,
		  "k": 100,
		  "ix": 11
		},
		"r": {
		  "a": 1,
		  "k": [
			{
			  "i": {
				"x": [
				  0.667
				],
				"y": [
				  1
				]
			  },
			  "o": {
				"x": [
				  0.333
				],
				"y": [
				  0
				]
			  },
			  "n": [
				"0p667_1_0p333_0"
			  ],
			  "t": 0,
			  "s": [
				0
			  ],
			  "e": [
				1800
			  ]
			},
			{
			  "t": 81
			}
		  ],
		  "ix": 10
		},
		"p": {
		  "a": 1,
		  "k": [
			{
			  "i": {
				"x": 0.667,
				"y": 1
			  },
			  "o": {
				"x": 0.333,
				"y": 0
			  },
			  "n": "0p667_1_0p333_0",
			  "t": 0,
			  "s": [
				-42.75,
				84.5,
				0
			  ],
			  "e": [
				51.5,
				83.75,
				0
			  ],
			  "to": [
				15.7083330154419,
				-0.125,
				0
			  ],
			  "ti": [
				-15.75,
				0.75000107288361,
				0
			  ]
			},
			{
			  "i": {
				"x": 0.667,
				"y": 1
			  },
			  "o": {
				"x": 0.333,
				"y": 0
			  },
			  "n": "0p667_1_0p333_0",
			  "t": 81,
			  "s": [
				51.5,
				83.75,
				0
			  ],
			  "e": [
				51.75,
				80,
				0
			  ],
			  "to": [
				3.14999581974007e-10,
				-1.50000012411056e-11,
				0
			  ],
			  "ti": [
				-0.04166666790843,
				-0.04166666790843,
				0
			  ]
			},
			{
			  "i": {
				"x": 0.667,
				"y": 1
			  },
			  "o": {
				"x": 0.333,
				"y": 0
			  },
			  "n": "0p667_1_0p333_0",
			  "t": 88,
			  "s": [
				51.75,
				80,
				0
			  ],
			  "e": [
				51.75,
				84,
				0
			  ],
			  "to": [
				0.04166666790843,
				0.04166666790843,
				0
			  ],
			  "ti": [
				0,
				-0.66666668653488,
				0
			  ]
			},
			{
			  "t": 98
			}
		  ],
		  "ix": 2
		},
		"a": {
		  "a": 0,
		  "k": [
			13.5,
			13.5,
			0
		  ],
		  "ix": 1
		},
		"s": {
		  "a": 0,
		  "k": [
			68.362,
			68.362,
			100
		  ],
		  "ix": 6
		}
	  },
	  "ao": 0,
	  "shapes": [
		{
		  "ty": "gr",
		  "it": [
			{
			  "ind": 0,
			  "ty": "sh",
			  "ix": 1,
			  "ks": {
				"a": 0,
				"k": {
				  "i": [
					[
					  1.073,
					  0.933
					],
					[
					  0.091,
					  1.73
					],
					[
					  0.412,
					  -0.024
					],
					[
					  -0.023,
					  -0.427
					],
					[
					  -1.364,
					  -1.188
					],
					[
					  -1.851,
					  0
					],
					[
					  -0.291,
					  0.027
					],
					[
					  0.038,
					  0.426
					],
					[
					  0.428,
					  -0.048
					]
				  ],
				  "o": [
					[
					  -1.04,
					  -0.905
					],
					[
					  -0.022,
					  -0.427
					],
					[
					  -0.428,
					  0.023
					],
					[
					  0.113,
					  2.159
					],
					[
					  1.215,
					  1.056
					],
					[
					  0.28,
					  0
					],
					[
					  0.427,
					  -0.036
					],
					[
					  -0.037,
					  -0.426
					],
					[
					  -1.788,
					  0.154
					]
				  ],
				  "v": [
					[
					  -0.974,
					  1.007
					],
					[
					  -2.703,
					  -3.021
					],
					[
					  -3.517,
					  -3.754
					],
					[
					  -4.25,
					  -2.939
					],
					[
					  -1.991,
					  2.176
					],
					[
					  2.675,
					  3.778
					],
					[
					  3.531,
					  3.74
					],
					[
					  4.235,
					  2.903
					],
					[
					  3.398,
					  2.198
					]
				  ],
				  "c": true
				},
				"ix": 2
			  },
			  "nm": "Path 1",
			  "mn": "ADBE Vector Shape - Group",
			  "hd": false
			},
			{
			  "ty": "fl",
			  "c": {
				"a": 0,
				"k": [
				  0.694117647059,
				  0.447533760819,
				  0.095271046956,
				  1
				],
				"ix": 4
			  },
			  "o": {
				"a": 0,
				"k": 100,
				"ix": 5
			  },
			  "r": 1,
			  "nm": "Fill 1",
			  "mn": "ADBE Vector Graphic - Fill",
			  "hd": false
			},
			{
			  "ty": "tr",
			  "p": {
				"a": 0,
				"k": [
				  8.931,
				  17.091
				],
				"ix": 2
			  },
			  "a": {
				"a": 0,
				"k": [
				  0,
				  0
				],
				"ix": 1
			  },
			  "s": {
				"a": 0,
				"k": [
				  100,
				  100
				],
				"ix": 3
			  },
			  "r": {
				"a": 0,
				"k": 0,
				"ix": 6
			  },
			  "o": {
				"a": 0,
				"k": 100,
				"ix": 7
			  },
			  "sk": {
				"a": 0,
				"k": 0,
				"ix": 4
			  },
			  "sa": {
				"a": 0,
				"k": 0,
				"ix": 5
			  },
			  "nm": "Transform"
			}
		  ],
		  "nm": "Group 1",
		  "np": 2,
		  "cix": 2,
		  "ix": 1,
		  "mn": "ADBE Vector Group",
		  "hd": false
		},
		{
		  "ty": "gr",
		  "it": [
			{
			  "ind": 0,
			  "ty": "sh",
			  "ix": 1,
			  "ks": {
				"a": 0,
				"k": {
				  "i": [
					[
					  7.149,
					  0
					],
					[
					  2.261,
					  -1.926
					],
					[
					  0,
					  0
					],
					[
					  -2.64,
					  0
					],
					[
					  0,
					  -6.024
					],
					[
					  6.023,
					  0
					],
					[
					  0,
					  6.02
					],
					[
					  -1.568,
					  1.89
					],
					[
					  0,
					  0
					],
					[
					  0,
					  -3.209
					],
					[
					  -7.149,
					  0
					],
					[
					  0,
					  7.149
					]
				  ],
				  "o": [
					[
					  -3.2,
					  0
					],
					[
					  0,
					  0
					],
					[
					  1.891,
					  -1.562
					],
					[
					  6.023,
					  0
					],
					[
					  0,
					  6.02
					],
					[
					  -6.023,
					  0
					],
					[
					  0,
					  -2.645
					],
					[
					  0,
					  0
					],
					[
					  -1.932,
					  2.261
					],
					[
					  0,
					  7.149
					],
					[
					  7.149,
					  0
					],
					[
					  0,
					  -7.152
					]
				  ],
				  "v": [
					[
					  0,
					  -12.947
					],
					[
					  -8.392,
					  -9.859
					],
					[
					  -6.952,
					  -8.419
					],
					[
					  0,
					  -10.921
					],
					[
					  10.922,
					  0.001
					],
					[
					  0,
					  10.924
					],
					[
					  -10.922,
					  0.001
					],
					[
					  -8.409,
					  -6.962
					],
					[
					  -9.849,
					  -8.402
					],
					[
					  -12.948,
					  0.001
					],
					[
					  0,
					  12.947
					],
					[
					  12.948,
					  0.001
					]
				  ],
				  "c": true
				},
				"ix": 2
			  },
			  "nm": "Path 1",
			  "mn": "ADBE Vector Shape - Group",
			  "hd": false
			},
			{
			  "ty": "fl",
			  "c": {
				"a": 0,
				"k": [
				  0.992156862745,
				  0.647751393038,
				  0.105051900826,
				  1
				],
				"ix": 4
			  },
			  "o": {
				"a": 0,
				"k": 100,
				"ix": 5
			  },
			  "r": 1,
			  "nm": "Fill 1",
			  "mn": "ADBE Vector Graphic - Fill",
			  "hd": false
			},
			{
			  "ty": "tr",
			  "p": {
				"a": 0,
				"k": [
				  13.198,
				  13.196
				],
				"ix": 2
			  },
			  "a": {
				"a": 0,
				"k": [
				  0,
				  0
				],
				"ix": 1
			  },
			  "s": {
				"a": 0,
				"k": [
				  100,
				  100
				],
				"ix": 3
			  },
			  "r": {
				"a": 0,
				"k": 0,
				"ix": 6
			  },
			  "o": {
				"a": 0,
				"k": 100,
				"ix": 7
			  },
			  "sk": {
				"a": 0,
				"k": 0,
				"ix": 4
			  },
			  "sa": {
				"a": 0,
				"k": 0,
				"ix": 5
			  },
			  "nm": "Transform"
			}
		  ],
		  "nm": "Group 2",
		  "np": 2,
		  "cix": 2,
		  "ix": 2,
		  "mn": "ADBE Vector Group",
		  "hd": false
		}
	  ],
	  "ip": 0,
	  "op": 194,
	  "st": 0,
	  "bm": 0
	},
	{
	  "ddd": 0,
	  "ind": 7,
	  "ty": 4,
	  "nm": "Layer 2/erro Outlines",
	  "sr": 1,
	  "ks": {
		"o": {
		  "a": 0,
		  "k": 100,
		  "ix": 11
		},
		"r": {
		  "a": 1,
		  "k": [
			{
			  "i": {
				"x": [
				  0.667
				],
				"y": [
				  1
				]
			  },
			  "o": {
				"x": [
				  0.333
				],
				"y": [
				  0
				]
			  },
			  "n": [
				"0p667_1_0p333_0"
			  ],
			  "t": 81,
			  "s": [
				0
			  ],
			  "e": [
				7
			  ]
			},
			{
			  "i": {
				"x": [
				  0.667
				],
				"y": [
				  1
				]
			  },
			  "o": {
				"x": [
				  0.333
				],
				"y": [
				  0
				]
			  },
			  "n": [
				"0p667_1_0p333_0"
			  ],
			  "t": 89,
			  "s": [
				7
			  ],
			  "e": [
				0
			  ]
			},
			{
			  "t": 98
			}
		  ],
		  "ix": 10
		},
		"p": {
		  "a": 1,
		  "k": [
			{
			  "i": {
				"x": 0.667,
				"y": 1
			  },
			  "o": {
				"x": 0.333,
				"y": 0
			  },
			  "n": "0p667_1_0p333_0",
			  "t": 0,
			  "s": [
				-28,
				74.25,
				0
			  ],
			  "e": [
				63.693,
				73.5,
				0
			  ],
			  "to": [
				13.6936912536621,
				0,
				0
			  ],
			  "ti": [
				-18.0084609985352,
				0,
				0
			  ]
			},
			{
			  "t": 81
			}
		  ],
		  "ix": 2
		},
		"a": {
		  "a": 0,
		  "k": [
			22,
			14,
			0
		  ],
		  "ix": 1
		},
		"s": {
		  "a": 0,
		  "k": [
			68.362,
			68.362,
			100
		  ],
		  "ix": 6
		}
	  },
	  "ao": 0,
	  "shapes": [
		{
		  "ty": "gr",
		  "it": [
			{
			  "ind": 0,
			  "ty": "sh",
			  "ix": 1,
			  "ks": {
				"a": 0,
				"k": {
				  "i": [
					[
					  0,
					  0.454
					],
					[
					  -0.454,
					  0
					],
					[
					  0,
					  0
					],
					[
					  0,
					  -0.455
					],
					[
					  0.454,
					  0
					],
					[
					  0,
					  0
					]
				  ],
				  "o": [
					[
					  0,
					  -0.454
					],
					[
					  0,
					  0
					],
					[
					  0.454,
					  0
					],
					[
					  0,
					  0.454
					],
					[
					  0,
					  0
					],
					[
					  -0.454,
					  0
					]
				  ],
				  "v": [
					[
					  -19.628,
					  -10.889
					],
					[
					  -18.805,
					  -11.713
					],
					[
					  -10.779,
					  -11.713
					],
					[
					  -9.956,
					  -10.889
					],
					[
					  -10.779,
					  -10.065
					],
					[
					  -18.805,
					  -10.065
					]
				  ],
				  "c": true
				},
				"ix": 2
			  },
			  "nm": "Path 1",
			  "mn": "ADBE Vector Shape - Group",
			  "hd": false
			},
			{
			  "ind": 1,
			  "ty": "sh",
			  "ix": 2,
			  "ks": {
				"a": 0,
				"k": {
				  "i": [
					[
					  0,
					  0
					],
					[
					  0,
					  0
					],
					[
					  -0.023,
					  -0.044
					],
					[
					  0,
					  0
					],
					[
					  -0.442,
					  0.221
					],
					[
					  0.221,
					  0.442
					],
					[
					  0,
					  0
					],
					[
					  0,
					  0
					],
					[
					  0,
					  0
					],
					[
					  0,
					  0
					],
					[
					  0,
					  0
					],
					[
					  0,
					  0
					],
					[
					  0.648,
					  -0.875
					],
					[
					  1.12,
					  0
					],
					[
					  0,
					  -0.494
					],
					[
					  -0.495,
					  0
					],
					[
					  -0.794,
					  1.073
					],
					[
					  0.04,
					  0.131
					],
					[
					  0.393,
					  0
					],
					[
					  0,
					  0
					],
					[
					  0.11,
					  -0.384
					],
					[
					  0,
					  0
					],
					[
					  0,
					  0
					],
					[
					  0,
					  0
					],
					[
					  0,
					  0
					],
					[
					  0,
					  1.441
					],
					[
					  1.442,
					  0
					],
					[
					  0,
					  0
					],
					[
					  0,
					  -1.443
					],
					[
					  -1.442,
					  0
					],
					[
					  0,
					  0
					],
					[
					  0,
					  0
					],
					[
					  0,
					  0
					],
					[
					  0,
					  0
					],
					[
					  0,
					  0
					],
					[
					  -0.484,
					  -0.097
					],
					[
					  -0.059,
					  0
					],
					[
					  -0.084,
					  0.425
					],
					[
					  0,
					  0
					],
					[
					  0,
					  0
					],
					[
					  0,
					  0
					],
					[
					  0,
					  0
					],
					[
					  0,
					  0
					]
				  ],
				  "o": [
					[
					  0,
					  0
					],
					[
					  0.016,
					  0.049
					],
					[
					  0,
					  0
					],
					[
					  0.22,
					  0.443
					],
					[
					  0.442,
					  -0.221
					],
					[
					  0,
					  0
					],
					[
					  0,
					  0
					],
					[
					  0,
					  0
					],
					[
					  0,
					  0
					],
					[
					  0,
					  0
					],
					[
					  0,
					  0
					],
					[
					  0.138,
					  0.799
					],
					[
					  -0.443,
					  0.599
					],
					[
					  -0.495,
					  0
					],
					[
					  0,
					  0.494
					],
					[
					  1.702,
					  0
					],
					[
					  1.5,
					  -2.026
					],
					[
					  -0.115,
					  -0.376
					],
					[
					  0,
					  0
					],
					[
					  -0.399,
					  0
					],
					[
					  0,
					  0
					],
					[
					  0,
					  0
					],
					[
					  0,
					  0
					],
					[
					  0,
					  0
					],
					[
					  1.441,
					  0
					],
					[
					  0,
					  -1.442
					],
					[
					  0,
					  0
					],
					[
					  -1.442,
					  0
					],
					[
					  0,
					  1.441
					],
					[
					  0,
					  0
					],
					[
					  0,
					  0
					],
					[
					  0,
					  0
					],
					[
					  0,
					  0
					],
					[
					  0,
					  0
					],
					[
					  -0.097,
					  0.485
					],
					[
					  0.059,
					  0.012
					],
					[
					  0.418,
					  0
					],
					[
					  0,
					  0
					],
					[
					  0,
					  0
					],
					[
					  0,
					  0
					],
					[
					  0,
					  0
					],
					[
					  0,
					  0
					],
					[
					  0,
					  0
					]
				  ],
				  "v": [
					[
					  10.684,
					  3.214
					],
					[
					  11.861,
					  7.136
					],
					[
					  11.917,
					  7.278
					],
					[
					  14.21,
					  11.864
					],
					[
					  15.411,
					  12.265
					],
					[
					  15.811,
					  11.064
					],
					[
					  13.553,
					  6.548
					],
					[
					  12.346,
					  2.523
					],
					[
					  11.833,
					  0.807
					],
					[
					  10.214,
					  -4.59
					],
					[
					  12.247,
					  -11.713
					],
					[
					  18.88,
					  -11.713
					],
					[
					  18.482,
					  -8.663
					],
					[
					  16.158,
					  -7.772
					],
					[
					  15.262,
					  -6.877
					],
					[
					  16.158,
					  -5.982
					],
					[
					  19.921,
					  -7.598
					],
					[
					  20.452,
					  -12.871
					],
					[
					  19.596,
					  -13.505
					],
					[
					  11.572,
					  -13.505
					],
					[
					  10.712,
					  -12.856
					],
					[
					  8.604,
					  -5.481
					],
					[
					  -12.971,
					  -5.481
					],
					[
					  -13.77,
					  -8.276
					],
					[
					  -10.781,
					  -8.276
					],
					[
					  -8.165,
					  -10.89
					],
					[
					  -10.781,
					  -13.506
					],
					[
					  -18.805,
					  -13.506
					],
					[
					  -21.421,
					  -10.89
					],
					[
					  -18.805,
					  -8.276
					],
					[
					  -15.633,
					  -8.276
					],
					[
					  -14.566,
					  -4.548
					],
					[
					  -15.548,
					  0.357
					],
					[
					  -15.898,
					  2.114
					],
					[
					  -17.962,
					  12.435
					],
					[
					  -17.262,
					  13.488
					],
					[
					  -17.085,
					  13.506
					],
					[
					  -16.208,
					  12.786
					],
					[
					  -14.145,
					  2.467
					],
					[
					  -13.792,
					  0.712
					],
					[
					  -12.911,
					  -3.688
					],
					[
					  8.615,
					  -3.688
					],
					[
					  10.165,
					  1.481
					]
				  ],
				  "c": true
				},
				"ix": 2
			  },
			  "nm": "Path 2",
			  "mn": "ADBE Vector Shape - Group",
			  "hd": false
			},
			{
			  "ty": "mm",
			  "mm": 1,
			  "nm": "Merge Paths 1",
			  "mn": "ADBE Vector Filter - Merge",
			  "hd": false
			},
			{
			  "ty": "fl",
			  "c": {
				"a": 0,
				"k": [
				  0.992156862745,
				  0.647058823529,
				  0.105882352941,
				  1
				],
				"ix": 4
			  },
			  "o": {
				"a": 0,
				"k": 100,
				"ix": 5
			  },
			  "r": 1,
			  "nm": "Fill 1",
			  "mn": "ADBE Vector Graphic - Fill",
			  "hd": false
			},
			{
			  "ty": "tr",
			  "p": {
				"a": 0,
				"k": [
				  21.671,
				  13.756
				],
				"ix": 2
			  },
			  "a": {
				"a": 0,
				"k": [
				  0,
				  0
				],
				"ix": 1
			  },
			  "s": {
				"a": 0,
				"k": [
				  100,
				  100
				],
				"ix": 3
			  },
			  "r": {
				"a": 0,
				"k": 0,
				"ix": 6
			  },
			  "o": {
				"a": 0,
				"k": 100,
				"ix": 7
			  },
			  "sk": {
				"a": 0,
				"k": 0,
				"ix": 4
			  },
			  "sa": {
				"a": 0,
				"k": 0,
				"ix": 5
			  },
			  "nm": "Transform"
			}
		  ],
		  "nm": "Group 1",
		  "np": 4,
		  "cix": 2,
		  "ix": 1,
		  "mn": "ADBE Vector Group",
		  "hd": false
		}
	  ],
	  "ip": 0,
	  "op": 194,
	  "st": 0,
	  "bm": 0
	}
  ],
  "markers": [],
  "chars": [
	{
	  "ch": "N",
	  "size": 13,
	  "style": "Bold",
	  "w": 75.6,
	  "data": {
		"shapes": [
		  {
			"ty": "gr",
			"it": [
			  {
				"ind": 0,
				"ty": "sh",
				"ix": 1,
				"ks": {
				  "a": 0,
				  "k": {
					"i": [
					  [
						0.6,
						0
					  ],
					  [
						0,
						0
					  ],
					  [
						0,
						0
					  ],
					  [
						0,
						0
					  ],
					  [
						0,
						0
					  ],
					  [
						0.05,
						1.05
					  ],
					  [
						0.1,
						1.067
					  ],
					  [
						0,
						0
					  ],
					  [
						-0.7,
						-0.333
					  ],
					  [
						-1.067,
						0
					  ],
					  [
						0,
						0
					  ],
					  [
						0,
						0
					  ],
					  [
						0,
						0
					  ],
					  [
						0,
						0
					  ],
					  [
						-0.05,
						-1.116
					  ],
					  [
						-0.134,
						-1.166
					  ],
					  [
						0,
						0
					  ],
					  [
						0.3,
						0.284
					  ],
					  [
						0.316,
						0.15
					  ],
					  [
						0.4,
						0.05
					  ]
					],
					"o": [
					  [
						0,
						0
					  ],
					  [
						0,
						0
					  ],
					  [
						0,
						0
					  ],
					  [
						0,
						0
					  ],
					  [
						0,
						-0.866
					  ],
					  [
						-0.05,
						-1.05
					  ],
					  [
						0,
						0
					  ],
					  [
						0.666,
						0.867
					  ],
					  [
						0.7,
						0.334
					  ],
					  [
						0,
						0
					  ],
					  [
						0,
						0
					  ],
					  [
						0,
						0
					  ],
					  [
						0,
						0
					  ],
					  [
						0,
						0.967
					  ],
					  [
						0.05,
						1.117
					  ],
					  [
						0,
						0
					  ],
					  [
						-0.367,
						-0.466
					  ],
					  [
						-0.3,
						-0.283
					  ],
					  [
						-0.317,
						-0.15
					  ],
					  [
						-0.4,
						-0.05
					  ]
					],
					"v": [
					  [
						14.35,
						-72.3
					  ],
					  [
						7.3,
						-72.3
					  ],
					  [
						7.3,
						0
					  ],
					  [
						19.15,
						0
					  ],
					  [
						19.15,
						-44.4
					  ],
					  [
						19.075,
						-47.275
					  ],
					  [
						18.85,
						-50.45
					  ],
					  [
						56.65,
						-2.3
					  ],
					  [
						58.7,
						-0.5
					  ],
					  [
						61.35,
						0
					  ],
					  [
						68.3,
						0
					  ],
					  [
						68.3,
						-72.3
					  ],
					  [
						56.45,
						-72.3
					  ],
					  [
						56.45,
						-28.35
					  ],
					  [
						56.525,
						-25.225
					  ],
					  [
						56.8,
						-21.8
					  ],
					  [
						18.85,
						-70.15
					  ],
					  [
						17.85,
						-71.275
					  ],
					  [
						16.925,
						-71.925
					  ],
					  [
						15.85,
						-72.225
					  ]
					],
					"c": true
				  },
				  "ix": 2
				},
				"nm": "N",
				"mn": "ADBE Vector Shape - Group",
				"hd": false
			  }
			],
			"nm": "N",
			"np": 3,
			"cix": 2,
			"ix": 1,
			"mn": "ADBE Vector Group",
			"hd": false
		  }
		]
	  },
	  "fFamily": "Lato"
	},
	{
	  "ch": "e",
	  "size": 13,
	  "style": "Bold",
	  "w": 53.45,
	  "data": {
		"shapes": [
		  {
			"ty": "gr",
			"it": [
			  {
				"ind": 0,
				"ty": "sh",
				"ix": 1,
				"ks": {
				  "a": 0,
				  "k": {
					"i": [
					  [
						3.05,
						-1.333
					  ],
					  [
						2.116,
						-2.283
					  ],
					  [
						1.133,
						-3.083
					  ],
					  [
						0,
						-3.5
					  ],
					  [
						-1.3,
						-3.416
					  ],
					  [
						-2.267,
						-2.316
					  ],
					  [
						-3.067,
						-1.183
					  ],
					  [
						-3.567,
						0
					  ],
					  [
						-1.917,
						0.266
					  ],
					  [
						-1.85,
						0.65
					  ],
					  [
						-1.7,
						1.084
					  ],
					  [
						-1.367,
						1.6
					  ],
					  [
						0,
						0
					  ],
					  [
						0.366,
						0.2
					  ],
					  [
						0.5,
						0
					  ],
					  [
						0.816,
						-0.466
					  ],
					  [
						1.083,
						-0.566
					  ],
					  [
						1.45,
						-0.466
					  ],
					  [
						2,
						0
					  ],
					  [
						2.466,
						2.467
					  ],
					  [
						0.366,
						5.267
					  ],
					  [
						0,
						0
					  ],
					  [
						-0.367,
						0.15
					  ],
					  [
						-0.217,
						0.35
					  ],
					  [
						-0.084,
						0.617
					  ],
					  [
						0,
						0.934
					  ],
					  [
						1.1,
						2.884
					  ],
					  [
						1.966,
						1.984
					  ],
					  [
						2.716,
						1.034
					  ],
					  [
						3.233,
						0
					  ]
					],
					"o": [
					  [
						-3.05,
						1.334
					  ],
					  [
						-2.117,
						2.284
					  ],
					  [
						-1.134,
						3.084
					  ],
					  [
						0,
						4.5
					  ],
					  [
						1.3,
						3.417
					  ],
					  [
						2.266,
						2.317
					  ],
					  [
						3.066,
						1.183
					  ],
					  [
						1.8,
						0
					  ],
					  [
						1.916,
						-0.267
					  ],
					  [
						1.85,
						-0.65
					  ],
					  [
						1.7,
						-1.083
					  ],
					  [
						0,
						0
					  ],
					  [
						-0.267,
						-0.366
					  ],
					  [
						-0.367,
						-0.2
					  ],
					  [
						-0.767,
						0
					  ],
					  [
						-0.817,
						0.467
					  ],
					  [
						-1.084,
						0.567
					  ],
					  [
						-1.45,
						0.467
					  ],
					  [
						-4.067,
						0
					  ],
					  [
						-2.467,
						-2.466
					  ],
					  [
						0,
						0
					  ],
					  [
						0.566,
						0
					  ],
					  [
						0.366,
						-0.15
					  ],
					  [
						0.216,
						-0.35
					  ],
					  [
						0.083,
						-0.616
					  ],
					  [
						0,
						-3.7
					  ],
					  [
						-1.1,
						-2.883
					  ],
					  [
						-1.967,
						-1.983
					  ],
					  [
						-2.717,
						-1.033
					  ],
					  [
						-3.834,
						0
					  ]
					],
					"v": [
					  [
						17.475,
						-50.1
					  ],
					  [
						9.725,
						-44.675
					  ],
					  [
						4.85,
						-36.625
					  ],
					  [
						3.15,
						-26.75
					  ],
					  [
						5.1,
						-14.875
					  ],
					  [
						10.45,
						-6.275
					  ],
					  [
						18.45,
						-1.025
					  ],
					  [
						28.4,
						0.75
					  ],
					  [
						33.975,
						0.35
					  ],
					  [
						39.625,
						-1.025
					  ],
					  [
						44.95,
						-3.625
					  ],
					  [
						49.55,
						-7.65
					  ],
					  [
						45.95,
						-12.15
					  ],
					  [
						45,
						-13
					  ],
					  [
						43.7,
						-13.3
					  ],
					  [
						41.325,
						-12.6
					  ],
					  [
						38.475,
						-11.05
					  ],
					  [
						34.675,
						-9.5
					  ],
					  [
						29.5,
						-8.8
					  ],
					  [
						19.7,
						-12.5
					  ],
					  [
						15.45,
						-24.1
					  ],
					  [
						47.15,
						-24.1
					  ],
					  [
						48.55,
						-24.325
					  ],
					  [
						49.425,
						-25.075
					  ],
					  [
						49.875,
						-26.525
					  ],
					  [
						50,
						-28.85
					  ],
					  [
						48.35,
						-38.725
					  ],
					  [
						43.75,
						-46.025
					  ],
					  [
						36.725,
						-50.55
					  ],
					  [
						27.8,
						-52.1
					  ]
					],
					"c": true
				  },
				  "ix": 2
				},
				"nm": "e",
				"mn": "ADBE Vector Shape - Group",
				"hd": false
			  },
			  {
				"ind": 1,
				"ty": "sh",
				"ix": 2,
				"ks": {
				  "a": 0,
				  "k": {
					"i": [
					  [
						-1.367,
						-0.616
					  ],
					  [
						-0.9,
						-1.066
					  ],
					  [
						-0.434,
						-1.416
					  ],
					  [
						0,
						-1.6
					  ],
					  [
						0,
						0
					  ],
					  [
						-2.034,
						2.034
					  ],
					  [
						-3.6,
						0
					  ]
					],
					"o": [
					  [
						1.366,
						0.617
					  ],
					  [
						0.9,
						1.067
					  ],
					  [
						0.433,
						1.417
					  ],
					  [
						0,
						0
					  ],
					  [
						0.566,
						-3.733
					  ],
					  [
						2.033,
						-2.033
					  ],
					  [
						1.833,
						0
					  ]
					],
					"v": [
					  [
						32.85,
						-42.325
					  ],
					  [
						36.25,
						-39.8
					  ],
					  [
						38.25,
						-36.075
					  ],
					  [
						38.9,
						-31.55
					  ],
					  [
						15.7,
						-31.55
					  ],
					  [
						19.6,
						-40.2
					  ],
					  [
						28.05,
						-43.25
					  ]
					],
					"c": true
				  },
				  "ix": 2
				},
				"nm": "e",
				"mn": "ADBE Vector Shape - Group",
				"hd": false
			  }
			],
			"nm": "e",
			"np": 5,
			"cix": 2,
			"ix": 1,
			"mn": "ADBE Vector Group",
			"hd": false
		  }
		]
	  },
	  "fFamily": "Lato"
	},
	{
	  "ch": "t",
	  "size": 13,
	  "style": "Bold",
	  "w": 38.7,
	  "data": {
		"shapes": [
		  {
			"ty": "gr",
			"it": [
			  {
				"ind": 0,
				"ty": "sh",
				"ix": 1,
				"ks": {
				  "a": 0,
				  "k": {
					"i": [
					  [
						-2.334,
						0.766
					  ],
					  [
						-1.8,
						1.5
					  ],
					  [
						0,
						0
					  ],
					  [
						0.233,
						0.184
					  ],
					  [
						0.366,
						0
					  ],
					  [
						0.3,
						-0.183
					  ],
					  [
						0.383,
						-0.2
					  ],
					  [
						0.516,
						-0.183
					  ],
					  [
						0.766,
						0
					  ],
					  [
						0.8,
						0.9
					  ],
					  [
						0,
						1.6
					  ],
					  [
						0,
						0
					  ],
					  [
						0,
						0
					  ],
					  [
						0,
						0
					  ],
					  [
						0,
						0
					  ],
					  [
						0,
						0
					  ],
					  [
						0,
						0
					  ],
					  [
						0.483,
						-0.366
					  ],
					  [
						0.133,
						-0.666
					  ],
					  [
						0,
						0
					  ],
					  [
						0,
						0
					  ],
					  [
						0,
						0
					  ],
					  [
						-0.484,
						-0.433
					  ],
					  [
						-0.667,
						0
					  ],
					  [
						0,
						0
					  ],
					  [
						0,
						0
					  ],
					  [
						-2.4,
						-2.516
					  ],
					  [
						-4.434,
						0
					  ]
					],
					"o": [
					  [
						2.333,
						-0.766
					  ],
					  [
						0,
						0
					  ],
					  [
						-0.267,
						-0.366
					  ],
					  [
						-0.234,
						-0.183
					  ],
					  [
						-0.3,
						0
					  ],
					  [
						-0.3,
						0.184
					  ],
					  [
						-0.384,
						0.2
					  ],
					  [
						-0.517,
						0.184
					  ],
					  [
						-1.334,
						0
					  ],
					  [
						-0.8,
						-0.9
					  ],
					  [
						0,
						0
					  ],
					  [
						0,
						0
					  ],
					  [
						0,
						0
					  ],
					  [
						0,
						0
					  ],
					  [
						0,
						0
					  ],
					  [
						0,
						0
					  ],
					  [
						-0.734,
						0
					  ],
					  [
						-0.484,
						0.367
					  ],
					  [
						0,
						0
					  ],
					  [
						0,
						0
					  ],
					  [
						0,
						0
					  ],
					  [
						0,
						0.867
					  ],
					  [
						0.483,
						0.434
					  ],
					  [
						0,
						0
					  ],
					  [
						0,
						0
					  ],
					  [
						0,
						4.434
					  ],
					  [
						2.4,
						2.517
					  ],
					  [
						2.5,
						0
					  ]
					],
					"v": [
					  [
						30.7,
						-0.35
					  ],
					  [
						36.9,
						-3.75
					  ],
					  [
						33.2,
						-9.75
					  ],
					  [
						32.45,
						-10.575
					  ],
					  [
						31.55,
						-10.85
					  ],
					  [
						30.65,
						-10.575
					  ],
					  [
						29.625,
						-10
					  ],
					  [
						28.275,
						-9.425
					  ],
					  [
						26.35,
						-9.15
					  ],
					  [
						23.15,
						-10.5
					  ],
					  [
						21.95,
						-14.25
					  ],
					  [
						21.95,
						-42.05
					  ],
					  [
						35.45,
						-42.05
					  ],
					  [
						35.45,
						-50.85
					  ],
					  [
						21.95,
						-50.85
					  ],
					  [
						21.95,
						-67
					  ],
					  [
						15.55,
						-67
					  ],
					  [
						13.725,
						-66.45
					  ],
					  [
						12.8,
						-64.9
					  ],
					  [
						10.2,
						-50.9
					  ],
					  [
						1.95,
						-49.55
					  ],
					  [
						1.95,
						-44.65
					  ],
					  [
						2.675,
						-42.7
					  ],
					  [
						4.4,
						-42.05
					  ],
					  [
						9.6,
						-42.05
					  ],
					  [
						9.6,
						-13.4
					  ],
					  [
						13.2,
						-2.975
					  ],
					  [
						23.45,
						0.8
					  ]
					],
					"c": true
				  },
				  "ix": 2
				},
				"nm": "t",
				"mn": "ADBE Vector Shape - Group",
				"hd": false
			  }
			],
			"nm": "t",
			"np": 3,
			"cix": 2,
			"ix": 1,
			"mn": "ADBE Vector Group",
			"hd": false
		  }
		]
	  },
	  "fFamily": "Lato"
	},
	{
	  "ch": "w",
	  "size": 13,
	  "style": "Bold",
	  "w": 79.1,
	  "data": {
		"shapes": [
		  {
			"ty": "gr",
			"it": [
			  {
				"ind": 0,
				"ty": "sh",
				"ix": 1,
				"ks": {
				  "a": 0,
				  "k": {
					"i": [
					  [
						0,
						0
					  ],
					  [
						0,
						0
					  ],
					  [
						-0.467,
						1.467
					  ],
					  [
						0,
						0
					  ],
					  [
						-0.234,
						0.984
					  ],
					  [
						-0.2,
						1
					  ],
					  [
						-0.25,
						-0.983
					  ],
					  [
						-0.3,
						-0.966
					  ],
					  [
						0,
						0
					  ],
					  [
						-1.067,
						0
					  ],
					  [
						0,
						0
					  ],
					  [
						0,
						0
					  ],
					  [
						0,
						0
					  ],
					  [
						0.633,
						-0.433
					  ],
					  [
						0.166,
						-0.666
					  ],
					  [
						0,
						0
					  ],
					  [
						0.283,
						-1.433
					  ],
					  [
						0.233,
						-1.433
					  ],
					  [
						0.35,
						1.35
					  ],
					  [
						0.433,
						1.434
					  ],
					  [
						0,
						0
					  ],
					  [
						0.6,
						0.434
					  ],
					  [
						0.9,
						0
					  ],
					  [
						0,
						0
					  ],
					  [
						0.6,
						-0.433
					  ],
					  [
						0.2,
						-0.666
					  ],
					  [
						0,
						0
					  ],
					  [
						0.416,
						-1.433
					  ],
					  [
						0.366,
						-1.433
					  ],
					  [
						0.25,
						1.434
					  ],
					  [
						0.4,
						1.5
					  ],
					  [
						0,
						0
					  ],
					  [
						0.633,
						0.434
					  ],
					  [
						0.933,
						0
					  ],
					  [
						0,
						0
					  ]
					],
					"o": [
					  [
						0,
						0
					  ],
					  [
						1.333,
						0
					  ],
					  [
						0,
						0
					  ],
					  [
						0.3,
						-1
					  ],
					  [
						0.233,
						-0.983
					  ],
					  [
						0.166,
						0.967
					  ],
					  [
						0.25,
						0.984
					  ],
					  [
						0,
						0
					  ],
					  [
						0.466,
						1.467
					  ],
					  [
						0,
						0
					  ],
					  [
						0,
						0
					  ],
					  [
						0,
						0
					  ],
					  [
						-0.834,
						0
					  ],
					  [
						-0.634,
						0.434
					  ],
					  [
						0,
						0
					  ],
					  [
						-0.434,
						1.534
					  ],
					  [
						-0.284,
						1.434
					  ],
					  [
						-0.334,
						-1.366
					  ],
					  [
						-0.35,
						-1.35
					  ],
					  [
						0,
						0
					  ],
					  [
						-0.2,
						-0.666
					  ],
					  [
						-0.6,
						-0.433
					  ],
					  [
						0,
						0
					  ],
					  [
						-0.8,
						0
					  ],
					  [
						-0.6,
						0.434
					  ],
					  [
						0,
						0
					  ],
					  [
						-0.467,
						1.5
					  ],
					  [
						-0.417,
						1.434
					  ],
					  [
						-0.234,
						-1.433
					  ],
					  [
						-0.25,
						-1.433
					  ],
					  [
						0,
						0
					  ],
					  [
						-0.167,
						-0.666
					  ],
					  [
						-0.634,
						-0.433
					  ],
					  [
						0,
						0
					  ],
					  [
						0,
						0
					  ]
					],
					"v": [
					  [
						16.6,
						0
					  ],
					  [
						26.05,
						0
					  ],
					  [
						28.75,
						-2.2
					  ],
					  [
						38.1,
						-31.75
					  ],
					  [
						38.9,
						-34.725
					  ],
					  [
						39.55,
						-37.7
					  ],
					  [
						40.175,
						-34.775
					  ],
					  [
						41,
						-31.85
					  ],
					  [
						50.25,
						-2.2
					  ],
					  [
						52.55,
						0
					  ],
					  [
						62.5,
						0
					  ],
					  [
						78.75,
						-51.3
					  ],
					  [
						69.4,
						-51.3
					  ],
					  [
						67.2,
						-50.65
					  ],
					  [
						66,
						-49
					  ],
					  [
						58.4,
						-21.6
					  ],
					  [
						57.325,
						-17.15
					  ],
					  [
						56.55,
						-12.85
					  ],
					  [
						55.525,
						-16.925
					  ],
					  [
						54.35,
						-21.1
					  ],
					  [
						45.95,
						-49.1
					  ],
					  [
						44.75,
						-50.75
					  ],
					  [
						42.5,
						-51.4
					  ],
					  [
						37.05,
						-51.4
					  ],
					  [
						34.95,
						-50.75
					  ],
					  [
						33.75,
						-49.1
					  ],
					  [
						25.25,
						-21.6
					  ],
					  [
						23.925,
						-17.2
					  ],
					  [
						22.75,
						-12.9
					  ],
					  [
						22.025,
						-17.2
					  ],
					  [
						21.05,
						-21.6
					  ],
					  [
						13.7,
						-49
					  ],
					  [
						12.5,
						-50.65
					  ],
					  [
						10.15,
						-51.3
					  ],
					  [
						0.35,
						-51.3
					  ]
					],
					"c": true
				  },
				  "ix": 2
				},
				"nm": "w",
				"mn": "ADBE Vector Shape - Group",
				"hd": false
			  }
			],
			"nm": "w",
			"np": 3,
			"cix": 2,
			"ix": 1,
			"mn": "ADBE Vector Group",
			"hd": false
		  }
		]
	  },
	  "fFamily": "Lato"
	},
	{
	  "ch": "o",
	  "size": 13,
	  "style": "Bold",
	  "w": 56.85,
	  "data": {
		"shapes": [
		  {
			"ty": "gr",
			"it": [
			  {
				"ind": 0,
				"ty": "sh",
				"ix": 1,
				"ks": {
				  "a": 0,
				  "k": {
					"i": [
					  [
						3.133,
						-1.233
					  ],
					  [
						2.216,
						-2.266
					  ],
					  [
						1.216,
						-3.266
					  ],
					  [
						0,
						-4.033
					  ],
					  [
						-1.217,
						-3.266
					  ],
					  [
						-2.217,
						-2.3
					  ],
					  [
						-3.134,
						-1.233
					  ],
					  [
						-3.834,
						0
					  ],
					  [
						-3.117,
						1.233
					  ],
					  [
						-2.2,
						2.3
					  ],
					  [
						-1.2,
						3.267
					  ],
					  [
						0,
						4.067
					  ],
					  [
						1.2,
						3.267
					  ],
					  [
						2.2,
						2.267
					  ],
					  [
						3.116,
						1.234
					  ],
					  [
						3.833,
						0
					  ]
					],
					"o": [
					  [
						-3.134,
						1.234
					  ],
					  [
						-2.217,
						2.267
					  ],
					  [
						-1.217,
						3.267
					  ],
					  [
						0,
						4.067
					  ],
					  [
						1.216,
						3.267
					  ],
					  [
						2.216,
						2.3
					  ],
					  [
						3.133,
						1.233
					  ],
					  [
						3.833,
						0
					  ],
					  [
						3.116,
						-1.233
					  ],
					  [
						2.2,
						-2.3
					  ],
					  [
						1.2,
						-3.266
					  ],
					  [
						0,
						-4.033
					  ],
					  [
						-1.2,
						-3.266
					  ],
					  [
						-2.2,
						-2.266
					  ],
					  [
						-3.117,
						-1.233
					  ],
					  [
						-3.834,
						0
					  ]
					],
					"v": [
					  [
						18.05,
						-50.25
					  ],
					  [
						10.025,
						-45
					  ],
					  [
						4.875,
						-36.7
					  ],
					  [
						3.05,
						-25.75
					  ],
					  [
						4.875,
						-14.75
					  ],
					  [
						10.025,
						-6.4
					  ],
					  [
						18.05,
						-1.1
					  ],
					  [
						28.5,
						0.75
					  ],
					  [
						38.925,
						-1.1
					  ],
					  [
						46.9,
						-6.4
					  ],
					  [
						52,
						-14.75
					  ],
					  [
						53.8,
						-25.75
					  ],
					  [
						52,
						-36.7
					  ],
					  [
						46.9,
						-45
					  ],
					  [
						38.925,
						-50.25
					  ],
					  [
						28.5,
						-52.1
					  ]
					],
					"c": true
				  },
				  "ix": 2
				},
				"nm": "o",
				"mn": "ADBE Vector Shape - Group",
				"hd": false
			  },
			  {
				"ind": 1,
				"ty": "sh",
				"ix": 2,
				"ks": {
				  "a": 0,
				  "k": {
					"i": [
					  [
						2.066,
						2.884
					  ],
					  [
						0,
						5.5
					  ],
					  [
						-2.067,
						2.917
					  ],
					  [
						-4.334,
						0
					  ],
					  [
						-2.05,
						-2.9
					  ],
					  [
						0,
						-5.533
					  ],
					  [
						2.05,
						-2.866
					  ],
					  [
						4.266,
						0
					  ]
					],
					"o": [
					  [
						-2.067,
						-2.883
					  ],
					  [
						0,
						-5.5
					  ],
					  [
						2.066,
						-2.916
					  ],
					  [
						4.266,
						0
					  ],
					  [
						2.05,
						2.9
					  ],
					  [
						0,
						5.534
					  ],
					  [
						-2.05,
						2.867
					  ],
					  [
						-4.334,
						0
					  ]
					],
					"v": [
					  [
						18.9,
						-13.075
					  ],
					  [
						15.8,
						-25.65
					  ],
					  [
						18.9,
						-38.275
					  ],
					  [
						28.5,
						-42.65
					  ],
					  [
						37.975,
						-38.3
					  ],
					  [
						41.05,
						-25.65
					  ],
					  [
						37.975,
						-13.05
					  ],
					  [
						28.5,
						-8.75
					  ]
					],
					"c": true
				  },
				  "ix": 2
				},
				"nm": "o",
				"mn": "ADBE Vector Shape - Group",
				"hd": false
			  }
			],
			"nm": "o",
			"np": 5,
			"cix": 2,
			"ix": 1,
			"mn": "ADBE Vector Group",
			"hd": false
		  }
		]
	  },
	  "fFamily": "Lato"
	},
	{
	  "ch": "r",
	  "size": 13,
	  "style": "Bold",
	  "w": 40.85,
	  "data": {
		"shapes": [
		  {
			"ty": "gr",
			"it": [
			  {
				"ind": 0,
				"ty": "sh",
				"ix": 1,
				"ks": {
				  "a": 0,
				  "k": {
					"i": [
					  [
						0,
						0
					  ],
					  [
						0,
						0
					  ],
					  [
						-1.834,
						1.417
					  ],
					  [
						-2.567,
						0
					  ],
					  [
						-0.867,
						-0.233
					  ],
					  [
						-0.5,
						0
					  ],
					  [
						-0.334,
						0.25
					  ],
					  [
						-0.1,
						0.6
					  ],
					  [
						0,
						0
					  ],
					  [
						2.533,
						0
					  ],
					  [
						2.466,
						-1.833
					  ],
					  [
						1.833,
						-3.166
					  ],
					  [
						0,
						0
					  ],
					  [
						0.5,
						0.467
					  ],
					  [
						1.266,
						0
					  ],
					  [
						0,
						0
					  ],
					  [
						0,
						0
					  ]
					],
					"o": [
					  [
						0,
						0
					  ],
					  [
						1.266,
						-2.733
					  ],
					  [
						1.833,
						-1.416
					  ],
					  [
						1.433,
						0
					  ],
					  [
						0.866,
						0.234
					  ],
					  [
						0.566,
						0
					  ],
					  [
						0.333,
						-0.25
					  ],
					  [
						0,
						0
					  ],
					  [
						-1.667,
						-1.166
					  ],
					  [
						-3.067,
						0
					  ],
					  [
						-2.467,
						1.834
					  ],
					  [
						0,
						0
					  ],
					  [
						-0.167,
						-1.133
					  ],
					  [
						-0.5,
						-0.466
					  ],
					  [
						0,
						0
					  ],
					  [
						0,
						0
					  ],
					  [
						0,
						0
					  ]
					],
					"v": [
					  [
						18.95,
						0
					  ],
					  [
						18.95,
						-31.95
					  ],
					  [
						23.6,
						-38.175
					  ],
					  [
						30.2,
						-40.3
					  ],
					  [
						33.65,
						-39.95
					  ],
					  [
						35.7,
						-39.6
					  ],
					  [
						37.05,
						-39.975
					  ],
					  [
						37.7,
						-41.25
					  ],
					  [
						39.3,
						-50.5
					  ],
					  [
						33,
						-52.25
					  ],
					  [
						24.7,
						-49.5
					  ],
					  [
						18.25,
						-42
					  ],
					  [
						17.5,
						-48.2
					  ],
					  [
						16.5,
						-50.6
					  ],
					  [
						13.85,
						-51.3
					  ],
					  [
						6.6,
						-51.3
					  ],
					  [
						6.6,
						0
					  ]
					],
					"c": true
				  },
				  "ix": 2
				},
				"nm": "r",
				"mn": "ADBE Vector Shape - Group",
				"hd": false
			  }
			],
			"nm": "r",
			"np": 3,
			"cix": 2,
			"ix": 1,
			"mn": "ADBE Vector Group",
			"hd": false
		  }
		]
	  },
	  "fFamily": "Lato"
	},
	{
	  "ch": "k",
	  "size": 13,
	  "style": "Bold",
	  "w": 55.15,
	  "data": {
		"shapes": [
		  {
			"ty": "gr",
			"it": [
			  {
				"ind": 0,
				"ty": "sh",
				"ix": 1,
				"ks": {
				  "a": 0,
				  "k": {
					"i": [
					  [
						0,
						0
					  ],
					  [
						0,
						0
					  ],
					  [
						0,
						0
					  ],
					  [
						0,
						0
					  ],
					  [
						0,
						0
					  ],
					  [
						-0.5,
						-0.233
					  ],
					  [
						-0.5,
						-0.766
					  ],
					  [
						0,
						0
					  ],
					  [
						-0.667,
						-0.333
					  ],
					  [
						-0.967,
						0
					  ],
					  [
						0,
						0
					  ],
					  [
						0,
						0
					  ],
					  [
						0.533,
						0.667
					  ],
					  [
						0.7,
						0.5
					  ],
					  [
						-0.6,
						0.584
					  ],
					  [
						-0.567,
						0.7
					  ],
					  [
						0,
						0
					  ],
					  [
						0,
						0
					  ],
					  [
						0.633,
						-0.383
					  ],
					  [
						0.566,
						-0.666
					  ],
					  [
						0,
						0
					  ],
					  [
						0.466,
						-0.233
					  ],
					  [
						0.833,
						0
					  ],
					  [
						0,
						0
					  ],
					  [
						0,
						0
					  ]
					],
					"o": [
					  [
						0,
						0
					  ],
					  [
						0,
						0
					  ],
					  [
						0,
						0
					  ],
					  [
						0,
						0
					  ],
					  [
						1,
						0
					  ],
					  [
						0.5,
						0.234
					  ],
					  [
						0,
						0
					  ],
					  [
						0.533,
						0.8
					  ],
					  [
						0.666,
						0.334
					  ],
					  [
						0,
						0
					  ],
					  [
						0,
						0
					  ],
					  [
						-0.534,
						-0.766
					  ],
					  [
						-0.534,
						-0.666
					  ],
					  [
						0.7,
						-0.433
					  ],
					  [
						0.6,
						-0.583
					  ],
					  [
						0,
						0
					  ],
					  [
						0,
						0
					  ],
					  [
						-1.034,
						0
					  ],
					  [
						-0.634,
						0.384
					  ],
					  [
						0,
						0
					  ],
					  [
						-0.534,
						0.634
					  ],
					  [
						-0.467,
						0.234
					  ],
					  [
						0,
						0
					  ],
					  [
						0,
						0
					  ],
					  [
						0,
						0
					  ]
					],
					"v": [
					  [
						6.75,
						-74.3
					  ],
					  [
						6.75,
						0
					  ],
					  [
						19.1,
						0
					  ],
					  [
						19.1,
						-23.5
					  ],
					  [
						21.9,
						-23.5
					  ],
					  [
						24.15,
						-23.15
					  ],
					  [
						25.65,
						-21.65
					  ],
					  [
						38.7,
						-2.2
					  ],
					  [
						40.5,
						-0.5
					  ],
					  [
						42.95,
						0
					  ],
					  [
						54.1,
						0
					  ],
					  [
						37,
						-24.9
					  ],
					  [
						35.4,
						-27.05
					  ],
					  [
						33.55,
						-28.8
					  ],
					  [
						35.5,
						-30.325
					  ],
					  [
						37.25,
						-32.25
					  ],
					  [
						53.2,
						-51.3
					  ],
					  [
						41.9,
						-51.3
					  ],
					  [
						39.4,
						-50.725
					  ],
					  [
						37.6,
						-49.15
					  ],
					  [
						24.85,
						-33.4
					  ],
					  [
						23.35,
						-32.1
					  ],
					  [
						21.4,
						-31.75
					  ],
					  [
						19.1,
						-31.75
					  ],
					  [
						19.1,
						-74.3
					  ]
					],
					"c": true
				  },
				  "ix": 2
				},
				"nm": "k",
				"mn": "ADBE Vector Shape - Group",
				"hd": false
			  }
			],
			"nm": "k",
			"np": 3,
			"cix": 2,
			"ix": 1,
			"mn": "ADBE Vector Group",
			"hd": false
		  }
		]
	  },
	  "fFamily": "Lato"
	},
	{
	  "ch": " ",
	  "size": 13,
	  "style": "Bold",
	  "w": 19.3,
	  "data": {},
	  "fFamily": "Lato"
	},
	{
	  "ch": "E",
	  "size": 13,
	  "style": "Bold",
	  "w": 57.25,
	  "data": {
		"shapes": [
		  {
			"ty": "gr",
			"it": [
			  {
				"ind": 0,
				"ty": "sh",
				"ix": 1,
				"ks": {
				  "a": 0,
				  "k": {
					"i": [
					  [
						0,
						0
					  ],
					  [
						0,
						0
					  ],
					  [
						0,
						0
					  ],
					  [
						0,
						0
					  ],
					  [
						0,
						0
					  ],
					  [
						0,
						0
					  ],
					  [
						0,
						0
					  ],
					  [
						0,
						0
					  ],
					  [
						0,
						0
					  ],
					  [
						0,
						0
					  ],
					  [
						0,
						0
					  ],
					  [
						0,
						0
					  ]
					],
					"o": [
					  [
						0,
						0
					  ],
					  [
						0,
						0
					  ],
					  [
						0,
						0
					  ],
					  [
						0,
						0
					  ],
					  [
						0,
						0
					  ],
					  [
						0,
						0
					  ],
					  [
						0,
						0
					  ],
					  [
						0,
						0
					  ],
					  [
						0,
						0
					  ],
					  [
						0,
						0
					  ],
					  [
						0,
						0
					  ],
					  [
						0,
						0
					  ]
					],
					"v": [
					  [
						7.3,
						-72.3
					  ],
					  [
						7.3,
						0
					  ],
					  [
						52.9,
						0
					  ],
					  [
						52.9,
						-10.75
					  ],
					  [
						20.85,
						-10.75
					  ],
					  [
						20.85,
						-31.2
					  ],
					  [
						46.1,
						-31.2
					  ],
					  [
						46.1,
						-41.55
					  ],
					  [
						20.85,
						-41.55
					  ],
					  [
						20.85,
						-61.6
					  ],
					  [
						52.9,
						-61.6
					  ],
					  [
						52.9,
						-72.3
					  ]
					],
					"c": true
				  },
				  "ix": 2
				},
				"nm": "E",
				"mn": "ADBE Vector Shape - Group",
				"hd": false
			  }
			],
			"nm": "E",
			"np": 3,
			"cix": 2,
			"ix": 1,
			"mn": "ADBE Vector Group",
			"hd": false
		  }
		]
	  },
	  "fFamily": "Lato"
	}
  ]
}