{"assets/.DS_Store":["assets/.DS_Store"],"assets/flags/ab_flag.png":["assets/flags/ab_flag.png"],"assets/flags/ad_flag.png":["assets/flags/ad_flag.png"],"assets/flags/ae_flag.png":["assets/flags/ae_flag.png"],"assets/flags/af_flag.png":["assets/flags/af_flag.png"],"assets/flags/ag_flag.png":["assets/flags/ag_flag.png"],"assets/flags/ai_flag.png":["assets/flags/ai_flag.png"],"assets/flags/al_flag.png":["assets/flags/al_flag.png"],"assets/flags/am_flag.png":["assets/flags/am_flag.png"],"assets/flags/ao_flag.png":["assets/flags/ao_flag.png"],"assets/flags/aq_flag.png":["assets/flags/aq_flag.png"],"assets/flags/ar_flag.png":["assets/flags/ar_flag.png"],"assets/flags/as_flag.png":["assets/flags/as_flag.png"],"assets/flags/at_flag.png":["assets/flags/at_flag.png"],"assets/flags/au_flag.png":["assets/flags/au_flag.png"],"assets/flags/aw_flag.png":["assets/flags/aw_flag.png"],"assets/flags/ax_flag.png":["assets/flags/ax_flag.png"],"assets/flags/az_flag.png":["assets/flags/az_flag.png"],"assets/flags/ba_flag.png":["assets/flags/ba_flag.png"],"assets/flags/bb_flag.png":["assets/flags/bb_flag.png"],"assets/flags/bd_flag.png":["assets/flags/bd_flag.png"],"assets/flags/be_flag.png":["assets/flags/be_flag.png"],"assets/flags/bf_flag.png":["assets/flags/bf_flag.png"],"assets/flags/bg_flag.png":["assets/flags/bg_flag.png"],"assets/flags/bh_flag.png":["assets/flags/bh_flag.png"],"assets/flags/bi_flag.png":["assets/flags/bi_flag.png"],"assets/flags/bj_flag.png":["assets/flags/bj_flag.png"],"assets/flags/bl_flag.png":["assets/flags/bl_flag.png"],"assets/flags/bm_flag.png":["assets/flags/bm_flag.png"],"assets/flags/bn_flag.png":["assets/flags/bn_flag.png"],"assets/flags/bo_flag.png":["assets/flags/bo_flag.png"],"assets/flags/bq_flag.png":["assets/flags/bq_flag.png"],"assets/flags/br_flag.png":["assets/flags/br_flag.png"],"assets/flags/bs_flag.png":["assets/flags/bs_flag.png"],"assets/flags/bt_flag.png":["assets/flags/bt_flag.png"],"assets/flags/bv_flag.png":["assets/flags/bv_flag.png"],"assets/flags/bw_flag.png":["assets/flags/bw_flag.png"],"assets/flags/by_flag.png":["assets/flags/by_flag.png"],"assets/flags/bz_flag.png":["assets/flags/bz_flag.png"],"assets/flags/ca_flag.png":["assets/flags/ca_flag.png"],"assets/flags/cc_flag.png":["assets/flags/cc_flag.png"],"assets/flags/cd_flag.png":["assets/flags/cd_flag.png"],"assets/flags/cf_flag.png":["assets/flags/cf_flag.png"],"assets/flags/cg_flag.png":["assets/flags/cg_flag.png"],"assets/flags/ch_flag.png":["assets/flags/ch_flag.png"],"assets/flags/ci_flag.png":["assets/flags/ci_flag.png"],"assets/flags/ck_flag.png":["assets/flags/ck_flag.png"],"assets/flags/cl_flag.png":["assets/flags/cl_flag.png"],"assets/flags/cm_flag.png":["assets/flags/cm_flag.png"],"assets/flags/cn_flag.png":["assets/flags/cn_flag.png"],"assets/flags/co_flag.png":["assets/flags/co_flag.png"],"assets/flags/cr_flag.png":["assets/flags/cr_flag.png"],"assets/flags/cu_flag.png":["assets/flags/cu_flag.png"],"assets/flags/cv_flag.png":["assets/flags/cv_flag.png"],"assets/flags/cw_flag.png":["assets/flags/cw_flag.png"],"assets/flags/cx_flag.png":["assets/flags/cx_flag.png"],"assets/flags/cy_flag.png":["assets/flags/cy_flag.png"],"assets/flags/cz_flag.png":["assets/flags/cz_flag.png"],"assets/flags/de_flag.png":["assets/flags/de_flag.png"],"assets/flags/dj_flag.png":["assets/flags/dj_flag.png"],"assets/flags/dk_flag.png":["assets/flags/dk_flag.png"],"assets/flags/dm_flag.png":["assets/flags/dm_flag.png"],"assets/flags/do_flag.png":["assets/flags/do_flag.png"],"assets/flags/dz_flag.png":["assets/flags/dz_flag.png"],"assets/flags/ec_flag.png":["assets/flags/ec_flag.png"],"assets/flags/ee_flag.png":["assets/flags/ee_flag.png"],"assets/flags/eg_flag.png":["assets/flags/eg_flag.png"],"assets/flags/eh_flag.png":["assets/flags/eh_flag.png"],"assets/flags/er_flag.png":["assets/flags/er_flag.png"],"assets/flags/es_flag.png":["assets/flags/es_flag.png"],"assets/flags/et_flag.png":["assets/flags/et_flag.png"],"assets/flags/fi_flag.png":["assets/flags/fi_flag.png"],"assets/flags/fj_flag.png":["assets/flags/fj_flag.png"],"assets/flags/fk_flag.png":["assets/flags/fk_flag.png"],"assets/flags/fm_flag.png":["assets/flags/fm_flag.png"],"assets/flags/fo_flag.png":["assets/flags/fo_flag.png"],"assets/flags/fr_flag.png":["assets/flags/fr_flag.png"],"assets/flags/ga_flag.png":["assets/flags/ga_flag.png"],"assets/flags/gb_flag.png":["assets/flags/gb_flag.png"],"assets/flags/gd_flag.png":["assets/flags/gd_flag.png"],"assets/flags/ge_flag.png":["assets/flags/ge_flag.png"],"assets/flags/gf_flag.png":["assets/flags/gf_flag.png"],"assets/flags/gg_flag.png":["assets/flags/gg_flag.png"],"assets/flags/gh_flag.png":["assets/flags/gh_flag.png"],"assets/flags/gi_flag.png":["assets/flags/gi_flag.png"],"assets/flags/gl_flag.png":["assets/flags/gl_flag.png"],"assets/flags/gm_flag.png":["assets/flags/gm_flag.png"],"assets/flags/gn_flag.png":["assets/flags/gn_flag.png"],"assets/flags/gp_flag.png":["assets/flags/gp_flag.png"],"assets/flags/gq_flag.png":["assets/flags/gq_flag.png"],"assets/flags/gr_flag.png":["assets/flags/gr_flag.png"],"assets/flags/gs_flag.png":["assets/flags/gs_flag.png"],"assets/flags/gt_flag.png":["assets/flags/gt_flag.png"],"assets/flags/gu_flag.png":["assets/flags/gu_flag.png"],"assets/flags/gw_flag.png":["assets/flags/gw_flag.png"],"assets/flags/gy_flag.png":["assets/flags/gy_flag.png"],"assets/flags/hk_flag.png":["assets/flags/hk_flag.png"],"assets/flags/hm_flag.png":["assets/flags/hm_flag.png"],"assets/flags/hn_flag.png":["assets/flags/hn_flag.png"],"assets/flags/hr_flag.png":["assets/flags/hr_flag.png"],"assets/flags/ht_flag.png":["assets/flags/ht_flag.png"],"assets/flags/hu_flag.png":["assets/flags/hu_flag.png"],"assets/flags/ic_launcher.png":["assets/flags/ic_launcher.png"],"assets/flags/id_flag.png":["assets/flags/id_flag.png"],"assets/flags/ie_flag.png":["assets/flags/ie_flag.png"],"assets/flags/il_flag.png":["assets/flags/il_flag.png"],"assets/flags/im_flag.png":["assets/flags/im_flag.png"],"assets/flags/in_flag.png":["assets/flags/in_flag.png"],"assets/flags/io_flag.png":["assets/flags/io_flag.png"],"assets/flags/iq_flag.png":["assets/flags/iq_flag.png"],"assets/flags/ir_flag.png":["assets/flags/ir_flag.png"],"assets/flags/is_flag.png":["assets/flags/is_flag.png"],"assets/flags/it_flag.png":["assets/flags/it_flag.png"],"assets/flags/je_flag.png":["assets/flags/je_flag.png"],"assets/flags/jm_flag.png":["assets/flags/jm_flag.png"],"assets/flags/jo_flag.png":["assets/flags/jo_flag.png"],"assets/flags/jp_flag.png":["assets/flags/jp_flag.png"],"assets/flags/ke_flag.png":["assets/flags/ke_flag.png"],"assets/flags/kg_flag.png":["assets/flags/kg_flag.png"],"assets/flags/kh_flag.png":["assets/flags/kh_flag.png"],"assets/flags/ki_flag.png":["assets/flags/ki_flag.png"],"assets/flags/km_flag.png":["assets/flags/km_flag.png"],"assets/flags/kn_flag.png":["assets/flags/kn_flag.png"],"assets/flags/kp_flag.png":["assets/flags/kp_flag.png"],"assets/flags/kr_flag.png":["assets/flags/kr_flag.png"],"assets/flags/kw_flag.png":["assets/flags/kw_flag.png"],"assets/flags/ky_flag.png":["assets/flags/ky_flag.png"],"assets/flags/kz_flag.png":["assets/flags/kz_flag.png"],"assets/flags/la_flag.png":["assets/flags/la_flag.png"],"assets/flags/lb_flag.png":["assets/flags/lb_flag.png"],"assets/flags/lc_flag.png":["assets/flags/lc_flag.png"],"assets/flags/li_flag.png":["assets/flags/li_flag.png"],"assets/flags/lk_flag.png":["assets/flags/lk_flag.png"],"assets/flags/lr_flag.png":["assets/flags/lr_flag.png"],"assets/flags/ls_flag.png":["assets/flags/ls_flag.png"],"assets/flags/lt_flag.png":["assets/flags/lt_flag.png"],"assets/flags/lu_flag.png":["assets/flags/lu_flag.png"],"assets/flags/lv_flag.png":["assets/flags/lv_flag.png"],"assets/flags/ly_flag.png":["assets/flags/ly_flag.png"],"assets/flags/ma_flag.png":["assets/flags/ma_flag.png"],"assets/flags/mc_flag.png":["assets/flags/mc_flag.png"],"assets/flags/md_flag.png":["assets/flags/md_flag.png"],"assets/flags/me_flag.png":["assets/flags/me_flag.png"],"assets/flags/mf_flag.png":["assets/flags/mf_flag.png"],"assets/flags/mg_flag.png":["assets/flags/mg_flag.png"],"assets/flags/mh_flag.png":["assets/flags/mh_flag.png"],"assets/flags/mk_flag.png":["assets/flags/mk_flag.png"],"assets/flags/ml_flag.png":["assets/flags/ml_flag.png"],"assets/flags/mm_flag.png":["assets/flags/mm_flag.png"],"assets/flags/mn_flag.png":["assets/flags/mn_flag.png"],"assets/flags/mo_flag.png":["assets/flags/mo_flag.png"],"assets/flags/mp_flag.png":["assets/flags/mp_flag.png"],"assets/flags/mq_flag.png":["assets/flags/mq_flag.png"],"assets/flags/mr_flag.png":["assets/flags/mr_flag.png"],"assets/flags/ms_flag.png":["assets/flags/ms_flag.png"],"assets/flags/mt_flag.png":["assets/flags/mt_flag.png"],"assets/flags/mu_flag.png":["assets/flags/mu_flag.png"],"assets/flags/mv_flag.png":["assets/flags/mv_flag.png"],"assets/flags/mw_flag.png":["assets/flags/mw_flag.png"],"assets/flags/mx_flag.png":["assets/flags/mx_flag.png"],"assets/flags/my_flag.png":["assets/flags/my_flag.png"],"assets/flags/mz_flag.png":["assets/flags/mz_flag.png"],"assets/flags/na_flag.png":["assets/flags/na_flag.png"],"assets/flags/nc_flag.png":["assets/flags/nc_flag.png"],"assets/flags/ne_flag.png":["assets/flags/ne_flag.png"],"assets/flags/nf_flag.png":["assets/flags/nf_flag.png"],"assets/flags/ng_flag.png":["assets/flags/ng_flag.png"],"assets/flags/ni_flag.png":["assets/flags/ni_flag.png"],"assets/flags/nl_flag.png":["assets/flags/nl_flag.png"],"assets/flags/no_flag.png":["assets/flags/no_flag.png"],"assets/flags/np_flag.png":["assets/flags/np_flag.png"],"assets/flags/nr_flag.png":["assets/flags/nr_flag.png"],"assets/flags/nu_flag.png":["assets/flags/nu_flag.png"],"assets/flags/nz_flag.png":["assets/flags/nz_flag.png"],"assets/flags/om_flag.png":["assets/flags/om_flag.png"],"assets/flags/pa_flag.png":["assets/flags/pa_flag.png"],"assets/flags/pe_flag.png":["assets/flags/pe_flag.png"],"assets/flags/pf_flag.png":["assets/flags/pf_flag.png"],"assets/flags/pg_flag.png":["assets/flags/pg_flag.png"],"assets/flags/ph_flag.png":["assets/flags/ph_flag.png"],"assets/flags/pk_flag.png":["assets/flags/pk_flag.png"],"assets/flags/pl_flag.png":["assets/flags/pl_flag.png"],"assets/flags/pm_flag.png":["assets/flags/pm_flag.png"],"assets/flags/pn_flag.png":["assets/flags/pn_flag.png"],"assets/flags/pr_flag.png":["assets/flags/pr_flag.png"],"assets/flags/ps_flag.png":["assets/flags/ps_flag.png"],"assets/flags/pt_flag.png":["assets/flags/pt_flag.png"],"assets/flags/pw_flag.png":["assets/flags/pw_flag.png"],"assets/flags/py_flag.png":["assets/flags/py_flag.png"],"assets/flags/qa_flag.png":["assets/flags/qa_flag.png"],"assets/flags/re_flag.png":["assets/flags/re_flag.png"],"assets/flags/ro_flag.png":["assets/flags/ro_flag.png"],"assets/flags/rs_flag.png":["assets/flags/rs_flag.png"],"assets/flags/ru_flag.png":["assets/flags/ru_flag.png"],"assets/flags/rw_flag.png":["assets/flags/rw_flag.png"],"assets/flags/sa_flag.png":["assets/flags/sa_flag.png"],"assets/flags/sb_flag.png":["assets/flags/sb_flag.png"],"assets/flags/sc_flag.png":["assets/flags/sc_flag.png"],"assets/flags/sd_flag.png":["assets/flags/sd_flag.png"],"assets/flags/se_flag.png":["assets/flags/se_flag.png"],"assets/flags/sg_flag.png":["assets/flags/sg_flag.png"],"assets/flags/sh_flag.png":["assets/flags/sh_flag.png"],"assets/flags/si_flag.png":["assets/flags/si_flag.png"],"assets/flags/sj_flag.png":["assets/flags/sj_flag.png"],"assets/flags/sk_flag.png":["assets/flags/sk_flag.png"],"assets/flags/sl_flag.png":["assets/flags/sl_flag.png"],"assets/flags/sm_flag.png":["assets/flags/sm_flag.png"],"assets/flags/sn_flag.png":["assets/flags/sn_flag.png"],"assets/flags/so_flag.png":["assets/flags/so_flag.png"],"assets/flags/sr_flag.png":["assets/flags/sr_flag.png"],"assets/flags/ss_flag.png":["assets/flags/ss_flag.png"],"assets/flags/st_flag.png":["assets/flags/st_flag.png"],"assets/flags/sv_flag.png":["assets/flags/sv_flag.png"],"assets/flags/sx_flag.png":["assets/flags/sx_flag.png"],"assets/flags/sy_flag.png":["assets/flags/sy_flag.png"],"assets/flags/sz_flag.png":["assets/flags/sz_flag.png"],"assets/flags/tc_flag.png":["assets/flags/tc_flag.png"],"assets/flags/td_flag.png":["assets/flags/td_flag.png"],"assets/flags/tf_flag.png":["assets/flags/tf_flag.png"],"assets/flags/tg_flag.png":["assets/flags/tg_flag.png"],"assets/flags/th_flag.png":["assets/flags/th_flag.png"],"assets/flags/tj_flag.png":["assets/flags/tj_flag.png"],"assets/flags/tk_flag.png":["assets/flags/tk_flag.png"],"assets/flags/tl_flag.png":["assets/flags/tl_flag.png"],"assets/flags/tm_flag.png":["assets/flags/tm_flag.png"],"assets/flags/tn_flag.png":["assets/flags/tn_flag.png"],"assets/flags/to_flag.png":["assets/flags/to_flag.png"],"assets/flags/tr_flag.png":["assets/flags/tr_flag.png"],"assets/flags/tt_flag.png":["assets/flags/tt_flag.png"],"assets/flags/tv_flag.png":["assets/flags/tv_flag.png"],"assets/flags/tw_flag.png":["assets/flags/tw_flag.png"],"assets/flags/tz_flag.png":["assets/flags/tz_flag.png"],"assets/flags/ua_flag.png":["assets/flags/ua_flag.png"],"assets/flags/ug_flag.png":["assets/flags/ug_flag.png"],"assets/flags/um_flag.png":["assets/flags/um_flag.png"],"assets/flags/us_flag.png":["assets/flags/us_flag.png"],"assets/flags/uy_flag.png":["assets/flags/uy_flag.png"],"assets/flags/uz_flag.png":["assets/flags/uz_flag.png"],"assets/flags/va_flag.png":["assets/flags/va_flag.png"],"assets/flags/vc_flag.png":["assets/flags/vc_flag.png"],"assets/flags/ve_flag.png":["assets/flags/ve_flag.png"],"assets/flags/vg_flag.png":["assets/flags/vg_flag.png"],"assets/flags/vi_flag.png":["assets/flags/vi_flag.png"],"assets/flags/vn_flag.png":["assets/flags/vn_flag.png"],"assets/flags/vu_flag.png":["assets/flags/vu_flag.png"],"assets/flags/wf_flag.png":["assets/flags/wf_flag.png"],"assets/flags/ws_flag.png":["assets/flags/ws_flag.png"],"assets/flags/xk_flag.png":["assets/flags/xk_flag.png"],"assets/flags/ye_flag.png":["assets/flags/ye_flag.png"],"assets/flags/yt_flag.png":["assets/flags/yt_flag.png"],"assets/flags/za_flag.png":["assets/flags/za_flag.png"],"assets/flags/zm_flag.png":["assets/flags/zm_flag.png"],"assets/flags/zw_flag.png":["assets/flags/zw_flag.png"],"assets/fonts/NotoSansLao-Regular.ttf":["assets/fonts/NotoSansLao-Regular.ttf"],"assets/fonts/PrintAble4U/Memo PrintAble4U.txt":["assets/fonts/PrintAble4U/Memo PrintAble4U.txt"],"assets/fonts/PrintAble4U/PrintAble4U-Bold-Italic.otf":["assets/fonts/PrintAble4U/PrintAble4U-Bold-Italic.otf"],"assets/fonts/PrintAble4U/PrintAble4U-Bold-Italic.ttf":["assets/fonts/PrintAble4U/PrintAble4U-Bold-Italic.ttf"],"assets/fonts/PrintAble4U/PrintAble4U-Bold.otf":["assets/fonts/PrintAble4U/PrintAble4U-Bold.otf"],"assets/fonts/PrintAble4U/PrintAble4U-Bold.ttf":["assets/fonts/PrintAble4U/PrintAble4U-Bold.ttf"],"assets/fonts/PrintAble4U/PrintAble4U-Italic.otf":["assets/fonts/PrintAble4U/PrintAble4U-Italic.otf"],"assets/fonts/PrintAble4U/PrintAble4U-Italic.ttf":["assets/fonts/PrintAble4U/PrintAble4U-Italic.ttf"],"assets/fonts/PrintAble4U/PrintAble4U-Regular.otf":["assets/fonts/PrintAble4U/PrintAble4U-Regular.otf"],"assets/fonts/PrintAble4U/PrintAble4U-Regular.ttf":["assets/fonts/PrintAble4U/PrintAble4U-Regular.ttf"],"assets/fonts/thai/NotoSansThai-Bold.ttf":["assets/fonts/thai/NotoSansThai-Bold.ttf"],"assets/fonts/thai/NotoSansThai-Regular.ttf":["assets/fonts/thai/NotoSansThai-Regular.ttf"],"assets/icons/.DS_Store":["assets/icons/.DS_Store"],"assets/icons/animated-gif-icon-11.jpg":["assets/icons/animated-gif-icon-11.jpg"],"assets/icons/apple_logo.png":["assets/icons/apple_logo.png"],"assets/icons/down-arrow.png":["assets/icons/down-arrow.png"],"assets/icons/gold/buy-gold-tang.png":["assets/icons/gold/buy-gold-tang.png"],"assets/icons/gold/gold-dealer.png":["assets/icons/gold/gold-dealer.png"],"assets/icons/gold/gold-sub-dealer.png":["assets/icons/gold/gold-sub-dealer.png"],"assets/icons/gold/gold.png":["assets/icons/gold/gold.png"],"assets/icons/gold/sell-gold-tang.png":["assets/icons/gold/sell-gold-tang.png"],"assets/icons/icnfb.png":["assets/icons/icnfb.png"],"assets/icons/icngmail.png":["assets/icons/icngmail.png"],"assets/icons/icons8-checkmark.png":["assets/icons/icons8-checkmark.png"],"assets/icons/icons8-close_window.png":["assets/icons/icons8-close_window.png"],"assets/icons/icons8-plus-slash-minus-50.png":["assets/icons/icons8-plus-slash-minus-50.png"],"assets/icons/icons8-sort-left-50.png":["assets/icons/icons8-sort-left-50.png"],"assets/icons/imgforgot.png":["assets/icons/imgforgot.png"],"assets/icons/map_marker.png":["assets/icons/map_marker.png"],"assets/icons/price_tag.png":["assets/icons/price_tag.png"],"assets/icons/start.gif":["assets/icons/start.gif"],"assets/icons/up-arrow.png":["assets/icons/up-arrow.png"],"assets/images/Arrow Chevron Right.png":["assets/images/Arrow Chevron Right.png"],"assets/images/Divider.png":["assets/images/Divider.png"],"assets/images/Divider2.png":["assets/images/Divider2.png"],"assets/images/Gold-Chain-PNG.png":["assets/images/Gold-Chain-PNG.png"],"assets/images/Trash Bin.png":["assets/images/Trash Bin.png"],"assets/images/app_icon.png":["assets/images/app_icon.png"],"assets/images/app_icon2.png":["assets/images/app_icon2.png"],"assets/images/arrow_user.png":["assets/images/arrow_user.png"],"assets/images/bell.png":["assets/images/bell.png"],"assets/images/brand_logo.gif":["assets/images/brand_logo.gif"],"assets/images/bread.png":["assets/images/bread.png"],"assets/images/camera.png":["assets/images/camera.png"],"assets/images/cannedfood.png":["assets/images/cannedfood.png"],"assets/images/cart_nav.png":["assets/images/cart_nav.png"],"assets/images/cart_nav_fill.png":["assets/images/cart_nav_fill.png"],"assets/images/cash_on_delivery.jpeg":["assets/images/cash_on_delivery.jpeg"],"assets/images/cereal.png":["assets/images/cereal.png"],"assets/images/check_user.png":["assets/images/check_user.png"],"assets/images/curLoc.png":["assets/images/curLoc.png"],"assets/images/dairy.png":["assets/images/dairy.png"],"assets/images/default_play.png":["assets/images/default_play.png"],"assets/images/default_profile.png":["assets/images/default_profile.png"],"assets/images/delivery.png":["assets/images/delivery.png"],"assets/images/drinks.png":["assets/images/drinks.png"],"assets/images/edit.png":["assets/images/edit.png"],"assets/images/egg.png":["assets/images/egg.png"],"assets/images/egg_home.png":["assets/images/egg_home.png"],"assets/images/empty_cart.png":["assets/images/empty_cart.png"],"assets/images/fruit.png":["assets/images/fruit.png"],"assets/images/fruit_home.png":["assets/images/fruit_home.png"],"assets/images/herbs.png":["assets/images/herbs.png"],"assets/images/hide_icon.png":["assets/images/hide_icon.png"],"assets/images/home_nav.png":["assets/images/home_nav.png"],"assets/images/home_nav_notfill.png":["assets/images/home_nav_notfill.png"],"assets/images/log_out.png":["assets/images/log_out.png"],"assets/images/logged-in.jpeg":["assets/images/logged-in.jpeg"],"assets/images/map.png":["assets/images/map.png"],"assets/images/map_pattern.png":["assets/images/map_pattern.png"],"assets/images/map_user.png":["assets/images/map_user.png"],"assets/images/meat.png":["assets/images/meat.png"],"assets/images/meat_home.png":["assets/images/meat_home.png"],"assets/images/money_transfer.jpeg":["assets/images/money_transfer.jpeg"],"assets/images/no_image.png":["assets/images/no_image.png"],"assets/images/noti_user.png":["assets/images/noti_user.png"],"assets/images/onepay.png":["assets/images/onepay.png"],"assets/images/profile_nav_fill.png":["assets/images/profile_nav_fill.png"],"assets/images/profile_user.png":["assets/images/profile_user.png"],"assets/images/sample_profile.jpg":["assets/images/sample_profile.jpg"],"assets/images/seafood.png":["assets/images/seafood.png"],"assets/images/sort.png":["assets/images/sort.png"],"assets/images/star_nav.png":["assets/images/star_nav.png"],"assets/images/star_nav_fill.png":["assets/images/star_nav_fill.png"],"assets/images/star_rating.png":["assets/images/star_rating.png"],"assets/images/success.gif":["assets/images/success.gif"],"assets/images/success.png":["assets/images/success.png"],"assets/images/user_nav.png":["assets/images/user_nav.png"],"assets/images/vegetable.png":["assets/images/vegetable.png"],"assets/images/vegetable_home.png":["assets/images/vegetable_home.png"],"assets/images/wallet_illu.png":["assets/images/wallet_illu.png"],"assets/locale/en-US.json":["assets/locale/en-US.json"],"assets/locale/lo-LA.json":["assets/locale/lo-LA.json"],"assets/locale/vi-VN.json":["assets/locale/vi-VN.json"],"assets/locale/zh-CN.json":["assets/locale/zh-CN.json"],"assets/no_data_found.json":["assets/no_data_found.json"],"assets/no_internet_connection.json":["assets/no_internet_connection.json"],"packages/awesome_dialog/assets/flare/error.flr":["packages/awesome_dialog/assets/flare/error.flr"],"packages/awesome_dialog/assets/flare/info.flr":["packages/awesome_dialog/assets/flare/info.flr"],"packages/awesome_dialog/assets/flare/info2.flr":["packages/awesome_dialog/assets/flare/info2.flr"],"packages/awesome_dialog/assets/flare/info_without_loop.flr":["packages/awesome_dialog/assets/flare/info_without_loop.flr"],"packages/awesome_dialog/assets/flare/question.flr":["packages/awesome_dialog/assets/flare/question.flr"],"packages/awesome_dialog/assets/flare/succes.flr":["packages/awesome_dialog/assets/flare/succes.flr"],"packages/awesome_dialog/assets/flare/succes_without_loop.flr":["packages/awesome_dialog/assets/flare/succes_without_loop.flr"],"packages/awesome_dialog/assets/flare/warning.flr":["packages/awesome_dialog/assets/flare/warning.flr"],"packages/awesome_dialog/assets/flare/warning_without_loop.flr":["packages/awesome_dialog/assets/flare/warning_without_loop.flr"],"packages/awesome_dialog/assets/rive/error.riv":["packages/awesome_dialog/assets/rive/error.riv"],"packages/awesome_dialog/assets/rive/info.riv":["packages/awesome_dialog/assets/rive/info.riv"],"packages/awesome_dialog/assets/rive/info_reverse.riv":["packages/awesome_dialog/assets/rive/info_reverse.riv"],"packages/awesome_dialog/assets/rive/question.riv":["packages/awesome_dialog/assets/rive/question.riv"],"packages/awesome_dialog/assets/rive/success.riv":["packages/awesome_dialog/assets/rive/success.riv"],"packages/awesome_dialog/assets/rive/warning.riv":["packages/awesome_dialog/assets/rive/warning.riv"],"packages/cupertino_icons/assets/CupertinoIcons.ttf":["packages/cupertino_icons/assets/CupertinoIcons.ttf"],"packages/empty_widget_fork/assets/images/emptyImage.png":["packages/empty_widget_fork/assets/images/emptyImage.png"],"packages/empty_widget_fork/assets/images/im_emptyIcon_1.png":["packages/empty_widget_fork/assets/images/im_emptyIcon_1.png"],"packages/empty_widget_fork/assets/images/im_emptyIcon_2.png":["packages/empty_widget_fork/assets/images/im_emptyIcon_2.png"],"packages/empty_widget_fork/assets/images/im_emptyIcon_3.png":["packages/empty_widget_fork/assets/images/im_emptyIcon_3.png"],"packages/font_awesome_flutter/lib/fonts/fa-brands-400.ttf":["packages/font_awesome_flutter/lib/fonts/fa-brands-400.ttf"],"packages/font_awesome_flutter/lib/fonts/fa-regular-400.ttf":["packages/font_awesome_flutter/lib/fonts/fa-regular-400.ttf"],"packages/font_awesome_flutter/lib/fonts/fa-solid-900.ttf":["packages/font_awesome_flutter/lib/fonts/fa-solid-900.ttf"],"packages/getwidget/icons/dribble.png":["packages/getwidget/icons/dribble.png"],"packages/getwidget/icons/facebook.png":["packages/getwidget/icons/facebook.png"],"packages/getwidget/icons/google.png":["packages/getwidget/icons/google.png"],"packages/getwidget/icons/line.png":["packages/getwidget/icons/line.png"],"packages/getwidget/icons/linkedin.png":["packages/getwidget/icons/linkedin.png"],"packages/getwidget/icons/pinterest.png":["packages/getwidget/icons/pinterest.png"],"packages/getwidget/icons/slack.png":["packages/getwidget/icons/slack.png"],"packages/getwidget/icons/twitter.png":["packages/getwidget/icons/twitter.png"],"packages/getwidget/icons/wechat.png":["packages/getwidget/icons/wechat.png"],"packages/getwidget/icons/whatsapp.png":["packages/getwidget/icons/whatsapp.png"],"packages/getwidget/icons/youtube.png":["packages/getwidget/icons/youtube.png"],"packages/progress_dialog_null_safe/assets/double_ring_loading_io.gif":["packages/progress_dialog_null_safe/assets/double_ring_loading_io.gif"],"packages/syncfusion_flutter_datepicker/assets/fonts/Roboto-Medium.ttf":["packages/syncfusion_flutter_datepicker/assets/fonts/Roboto-Medium.ttf"]}